-85.361445,31.214419,"Checkers-Dothan,AL","1111 Ross Clark Circle, Dothan,AL 36301|(334) 671-5545"
-85.402859,31.191029,"Checkers-Dothan,AL","2204 Ross Clark Circle, Dothan,AL 36301|(334) 671-8333"
-85.432304,31.227387,"Checkers-Dothan,AL","3091 Ross Clark Circle SW, Dothan,AL 36301|(334) 671-3098"
-85.427573,31.251645,"Checkers-Dothan,AL","3107 Montgomery Hwy, Dothan,AL 36303|(334) 671-2368"
-87.683393,30.383278,"Checkers-Foley,AL","2150 S McKenzie, Foley,AL 36535|(251) 943-6478"
-86.824338,33.647056,"Checkers-Gardendale,AL","890 Odum Rd, Gardendale,AL 35071|(205) 285-5188"
-86.627624,34.735048,"Checkers-Huntsville,AL","4000 University Drive, Huntsville,AL 35816|(256) 837-4670"
-86.590569,34.720018,"Checkers-Huntsville,AL","700 Governors Drive, Huntsville,AL 35801|(256) 536-3456"
-88.088936,30.630311,"Checkers-Mobile,AL","1965 Dauphin Island Pkwy, Mobile,AL 36605|(251) 478-3534"
-88.093065,30.676462,"Checkers-Mobile,AL","2213 Airport Blvd, Mobile,AL 36606|(251) 479-9968"
-88.083391,30.718027,"Checkers-Mobile,AL","2300 St Stephens, Mobile,AL 36617|(251) 452-3730"
-88.225477,30.685147,"Checkers-Mobile,AL","312 Schillinger Rd S, Mobile,AL 36608|(251) 633-8154"
-88.12016,30.689525,"Checkers-Mobile,AL","3206 Dauphin Street, Mobile,AL 36606|(251) 450-0380"
-88.169194,30.589354,"Checkers-Mobile,AL","5415 Hwy 90 W, Mobile,AL 36619|(251) 338-0118"
-88.191421,30.678772,"Checkers-Mobile,AL","6404 Airport Blvd, Mobile,AL 36608|(251) 342-6462"
-88.054711,30.688418,"Checkers-Mobile,AL","8 N Broad, Mobile,AL 36602|(251) 432-5176"
-87.611476,33.236916,"Checkers-Northport,AL","5550 McFarland Blvd, Northport,AL 35473|(205) 764-9581"
-85.405488,32.637971,"Checkers-Opelika,AL","2009 Pepperell Parkway, Opelika,AL 36801|(334) 745-7733"
-85.642528,31.439588,"Checkers-Ozark,AL","1090 US Hwy 231 South, Ozark,AL 36360|(334) 774-2807"
-87.525373,33.169019,"Checkers-Tuscaloosa,AL","4300 McFarland Blvd, Tuscaloosa,AL 35404|(205) 750-8767"
-87.54235,33.198696,"Checkers-Tuscaloosa,AL","521 15th Street, Tuscaloosa,AL 35401|(205) 345-4608"
-90.668352,35.827368,"Checkers-Jonesboro,AR","1498 Red Wolf Blvd, Jonesboro,AR 72401|(870) 520-5084"
-90.677843,35.804493,"Checkers-Jonesboro,AR","3224 S Caraway Rd, Jonesboro,AR 72404|(870) 935-8200"
-119.11005,35.387883,"Checkers-Bakersfield,CA","3009 Calloway Dr, Bakersfield,CA 93312|(661) 829-1657"
-76.972269,38.917461,"Checkers-Washington,DC","2300 New York Ave NE, Washington,DC 20002|(202) 269-9377"
-75.58174,39.69115,"Checkers-New Castle,DE","1503 N Dupont Hwy, New Castle,DE 19720|(302) 328-5269"
-75.57186,39.74911,"Checkers-Wilmington,DE","1901 West 4th St, Wilmington,DE 19805|(302) 256-0316"
-75.520481,39.761478,"Checkers-Wilmington,DE","4301 N Market St, Wilmington,DE 19802|(302) 764-9043"
-75.650325,39.72818,"Checkers-Wilmington,DE","4303 Kirkwood Hwy, Wilmington,DE 19808|(302) 543-6301"
-81.398776,28.661988,"Checkers-Altamonte Springs,FL","431 State Road 436 W, Altamonte Springs,FL 32714|(407) 862-9214"
-81.5039,28.673128,"Checkers-Apopka,FL","355 E Main Street, Apopka,FL 32703|(407) 884-4844"
-81.5143029,27.5999063,"Checkers-Avon Park,FL","382 US 27, Avon Park,FL 33825|(863) 452-6444"
-81.843607,27.910154,"Checkers-Bartow,FL","1595 N Broadway Ave, Bartow,FL 33830|(863) 533-2700"
-82.057809,29.059737,"Checkers-Belleview,FL","5497 SE Abshier Blvd, Belleview,FL 34420|(352) 307-3131"
-80.078441,26.394562,"Checkers-Boca Raton,FL","500 NE 51st St, Boca Raton,FL 33431|(561) 338-0981"
-80.078594,26.528948,"Checkers-Boynton Beach,FL","755 W Boynton Beach Blvd, Boynton Beach,FL 33426|(561) 735-9090"
-82.613142,27.462594,"Checkers-Bradenton,FL","5140 Cortez Road W, Bradenton,FL 34210|(941) 798-3585"
-82.546687,27.448933,"Checkers-Bradenton,FL","5220 15th St East, Bradenton,FL 34203|(941) 753-0373"
-82.306993,27.937828,"Checkers-Brandon,FL","1520 W Brandon Blvd, Brandon,FL 33511|(813) 689-7275"
-82.400041,28.546903,"Checkers-Brooksville,FL","852 S Broad Street, Brooksville,FL 34601|(352) 799-6923"
-80.244549,25.941048,"Checkers-Carol City,FL","2645 NW 183rd Street, Carol City,FL 33055|(305) 624-2205"
-82.787309,27.939378,"Checkers-Clearwater,FL","1595 Missouri Ave, Clearwater,FL 33756|(727) 446-3089"
-82.709091,27.98141,"Checkers-Clearwater,FL","1610 McMullen Booth Road, Clearwater,FL 33759|(727) 799-7715"
-82.775411,27.988998,"Checkers-Clearwater,FL","1877 Highland Ave N, Clearwater,FL 33755|(727) 446-8195"
-82.755983,27.960643,"Checkers-Clearwater,FL","1972 Gulf-to-Bay Blvd, Clearwater,FL 33765|(727) 461-1031"
-82.754659,27.916611,"Checkers-Clearwater,FL","3150 East Bay Dr, Clearwater,FL 33771|(727) 535-2350"
-82.700731,27.894028,"Checkers-Clearwater,FL","4909 Ulmerton Rd, Clearwater,FL 33760|(727) 572-4451"
-81.731025,28.529094,"Checkers-Clermont,FL","1450 Johns Lake Rd, Clermont,FL 34711|(352) 404-9332"
-81.673919,28.354687,"Checkers-Clermont,FL","550 US Hwy 27, Clermont,FL 34714|(352) 242-2252"
-80.258839,26.272571,"Checkers-Coral Springs,FL","9935 W Sample Rd, Coral Springs,FL 33065|(954) 344-2612"
-82.187363,28.340853,"Checkers-Dade City,FL","12600 US 301, Dade City,FL 33525|(352) 567-9717"
-80.143355,26.041306,"Checkers-Dania,FL","645 S Federal Highway, Dania,FL 33004|(954) 925-4729"
-81.0323,29.173839,"Checkers-Daytona Beach,FL","1174 Beville Road, Daytona Beach,FL 32114|(386) 258-3901"
-81.076917,29.186443,"Checkers-Daytona Beach,FL","2210 International Speedway Blvd, Daytona Beach,FL 32114|(386) 252-1895"
-81.028035,29.208701,"Checkers-Daytona Beach,FL","575 W International Speedway Blvd, Daytona Beach,FL 32114|(386) 253-7816"
-81.048591,29.222054,"Checkers-Daytona Beach,FL","898 Nova Road, Daytona Beach,FL 32117|(386) 255-1613"
-80.127947,26.318049,"Checkers-Deerfield Beach,FL","1799 W Hillsboro Blvd, Deerfield Beach,FL 33422|(954) 426-5560"
-81.303357,29.026949,"Checkers-DeLand,FL","133 S Woodland Blvd., DeLand,FL 32720|(386) 943-9653"
-81.299665,28.984781,"Checkers-DeLand,FL","2490 S Woodland Blvd, DeLand,FL 32720|(386) 943-9277"
-80.077683,26.461558,"Checkers-Delray Beach,FL","450 W Atlantic Ave, Delray Beach,FL 33444|(561) 278-9939"
-82.338774,26.938536,"Checkers-Englewood,FL","1725 McCall Rd, Englewood,FL 34223|(941) 475-6678"
-81.3476148,28.652627,"Checkers-Fern Park,FL","7551 S 17/92 Hwy, Fern Park,FL 32730|(407) 462-3306"
-80.17815,26.121624,"Checkers-Ft Lauderdale,FL","2701 W Broward Blvd, Ft Lauderdale,FL 33312|(954) 583-5062"
-80.140295,26.136856,"Checkers-Ft Lauderdale,FL","400 E Sunrise Blvd, Ft Lauderdale,FL 33304|(954) 767-8947"
-80.325654,27.42726,"Checkers-Ft Pierce,FL","2050 S US Hwy 1, Fort Pierce,FL 34950|(772) 461-5114"
-82.339174,29.678467,"Checkers-Gainesville,FL","2826 NW 13th Street, Gainesville,FL 32609|(352) 378-5092"
-82.371457,29.652168,"Checkers-Gainesville,FL","3325 W University Avenue, Gainesville,FL 32607|(352) 373-8520"
-82.334223,29.652078,"Checkers-Gainesville,FL","912 W University Avenue, Gainesville,FL 32601|(352) 373-2069"
-81.639808,28.125321,"Checkers-Haines City,FL","36114 HWY 27, Haines City,FL 33844|(863) 421-6512"
-80.306681,25.942292,"Checkers-Hialeah,FL","6692 NW 186th Street, Hialeah,FL 33015|(305) 825-0108"
-80.307589,25.884783,"Checkers-Hialeah,FL","6800 W 12th Avenue, Hialeah,FL 33014|(305) 825-0468"
-80.266133,25.867396,"Checkers-Hialeah,FL","829 E 49th Street, Hialeah,FL 33013|(305) 685-3999"
-80.346247,25.884055,"Checkers-Hialeah Gardens,FL","9190 NW 122nd St, Hialeah Gardens,FL 33018|(813) 283-7000"
-82.740486,28.180649,"Checkers-Holiday,FL","1501 US Highway 19, Holiday,FL 34691|(727) 938-1842"
-80.211139,26.010117,"Checkers-Hollywood,FL","6171 Hollywood Blvd, Hollywood,FL 33024|(954) 966-9573"
-80.257687,26.009415,"Checkers-Hollywood,FL","8579 Pines Blvd, Hollywood,FL 33024|(954) 430-1759"
-80.472511,25.477142,"Checkers-Homestead,FL","236 NE 8th Street, Homestead,FL 33030|(305) 242-9330"
-82.665374,28.330998,"Checkers-Hudson,FL","9014 SR 52, Hudson,FL 34667|(727) 868-4181"
-82.335627,28.835986,"Checkers-Inverness,FL","510 W Main, Inverness,FL 34450|(352) 637-9669"
-81.526424,30.287008,"Checkers-Jacksonville,FL","11361 Beach Blvd, Jacksonville,FL 32246|(904) 645-5438"
-81.680508,30.342705,"Checkers-Jacksonville,FL","1526 Kings Road, Jacksonville,FL 32209|(904) 791-1100"
-81.604292,30.276213,"Checkers-Jacksonville,FL","5927 University Blvd, Jacksonville,FL 32216|(904) 730-3063"
-81.765301,30.24808,"Checkers-Jacksonville,FL","7214 103rd St, Jacksonville,FL 32210|(904) 323-3435"
-81.578877,30.313422,"Checkers-Jacksonville,FL","7504 Atlantic Blvd, Jacksonville,FL 32211|(904) 720-5487"
-81.679358,30.391146,"Checkers-Jacksonville,FL","7809 Lem Turner Highway, Jacksonville,FL 32208|(904) 765-0076"
-81.661097,30.429917,"Checkers-Jacksonville,FL","930 Dunn Avenue, Jacksonville,FL 32218|(904) 696-7777"
-81.366157,28.345327,"Checkers-Kissimmee,FL","1939 Osceola Pkwy, Kissimmee,FL 34743|(407) 344-9107"
-81.401638,28.304339,"Checkers-Kissimmee,FL","280 E Vine Street, Kissimmee,FL 34744|(407) 846-8319"
-81.433235,28.304747,"Checkers-Kissimmee,FL","3009 W Vine St, Kissimmee,FL 34741|(407) 572-8334"
-81.516454,28.332452,"Checkers-Kissimmee,FL","5780 Irlo Bronson Highway, Kissimmee,FL 34746|(407) 396-0069"
-81.44796,28.142514,"Checkers-Kissimmee,FL","904 Cypress Plwy, Kissimmee,FL 34759|(407) 870-0103"
-80.057569,26.609452,"Checkers-Lake Worth,FL","524 S Dixie Hwy, Lake Worth,FL 33460|(561) 582-2100"
-80.113321,26.571312,"Checkers-Lake Worth,FL","7050 S Military Trail, Lake Worth,FL 33463|(561) 965-2876"
-81.957037,28.010472,"Checkers-Lakeland,FL","2919 S Florida Ave, Lakeland,FL 33803|(863) 682-3193"
-81.973492,28.130137,"Checkers-Lakeland,FL","6785 US Hwy 98 N, Lakeland,FL 33809|(863) 858-3449"
-81.945332,28.05501,"Checkers-Lakeland,FL","991 E Memorial Blvd., Lakeland,FL 33801|(863) 603-9224"
-80.067322,26.571691,"Checkers-Lantana,FL","7041 Seacrest Blvd, Lantana,FL 33462|(561) 855-2938"
-82.762281,27.8699,"Checkers-Largo,FL","10755 Starkey Rd, Largo,FL 33777|(727) 399-0190"
-82.832572,27.880505,"Checkers-Largo,FL","14011 Walsingham Rd, Largo,FL 33774|(727) 596-7934"
-80.222774,26.164662,"Checkers-Lauderhill,FL","5400 W Oakland Park Blvd., Lauderhill,FL 33313|(954) 735-7004"
-80.251957,26.193078,"Checkers-Lauderhill,FL","5590 N University Dr, Lauderhill,FL 33319|(954) 746-7222"
-81.89682,28.84323,"Checkers-Leesburg,FL","2508 Citrus Blvd, Leesburg,FL 34748|(352) 728-1333"
-80.20465,26.227867,"Checkers-Margate,FL","225 S SR 7, Margate,FL 33068|(954) 972-1755"
-80.671816,28.14875,"Checkers-Melbourne,FL","2505 N Wickham Rd, Melbourne,FL 32935|(321) 242-9902"
-80.69991,28.3654,"Checkers-Merritt Island,FL","520 N Courtenay Pkwy, Merritt Island,FL 32953|(321) 459-1199"
-80.367573,25.732432,"Checkers-Miami,FL","10695 Bird Rd, Miami,FL 33165|(305) 220-2823"
-80.334643,25.642534,"Checkers-Miami,FL","13625 South Dixie Hwy, Miami,FL 33177|(305) 378-6611"
-80.189012,25.790936,"Checkers-Miami,FL","1650 Biscayne Blvd, Miami,FL 33132|(305) 579-2117"
-80.347139,25.614011,"Checkers-Miami,FL","16790 S Dixie Hwy, Miami,FL 33157|(305) 238-2254"
-80.205171,25.940694,"Checkers-Miami,FL","18100 NW 2nd Ave, Miami,FL 33179|(305) 654-8554"
-80.240585,25.82394,"Checkers-Miami,FL","2695 NW 54th Street, Miami,FL 33142|(305) 638-8487"
-80.263984,25.776466,"Checkers-Miami,FL","450 NW 42nd Avenue, Miami,FL 33126|(305) 529-9002"
-80.414984,25.714208,"Checkers-Miami,FL","5605 SW 137th Avenue, Miami,FL 33183|(305) 386-0059"
-80.20922,25.84857,"Checkers-Miami,FL","8080 NW 7th Ave, Miami,FL 33150|(305) 693-2512"
-80.277087,25.980735,"Checkers-Miramar,FL","9901 Miramar Parkway, Miramar,FL 33025|(954) 430-3432"
-80.211255,25.89816,"Checkers-N Miami,FL","13495 NW 7th Avenue, N Miami,FL 33168|(305) 687-5775"
-80.163911,25.925854,"Checkers-N Miami Beach,FL","1800 163rd Street, N Miami Beach,FL 33162|(305) 949-9212"
-82.692072,28.217218,"Checkers-New Port Richey,FL","7415 State Road 54, New Port Richey,FL 34653|(727) 372-8047"
-80.165203,26.165869,"Checkers-Oakland Park,FL","1675 W Oakland Park Blvd, Oakland Park,FL 33311|(954) 485-4579"
-80.138651,26.166555,"Checkers-Oakland Park,FL","590 E Oakland Park Blvd, Oakland Park,FL 33334|(954) 563-5798"
-82.122696,29.187018,"Checkers-Ocala,FL","1239 E Silver Springs Blvd, Ocala,FL 34470|(352) 351-1199"
-82.169079,29.165912,"Checkers-Ocala,FL","2701 SW College Road, Ocala,FL 34474|(352) 237-0071"
-81.531529,28.551381,"Checkers-Ocoee,FL","10500 W Colonial Dr, Ocoee,FL 34761|(407) 654-8887"
-82.674095,28.042419,"Checkers-Oldsmar,FL","3801 Tampa Rd [walmart], Oldsmar,FL 34677|(813) 818-1824"
-81.20688,28.566716,"Checkers-Orlando,FL","11816 E Colonial Drive, Orlando,FL 32826|(407) 381-4710"
-81.413176,28.552706,"Checkers-Orlando,FL","2750 W Colonial Drive, Orlando,FL 32804|(407) 295-0807"
-81.396906,28.504402,"Checkers-Orlando,FL","3800 S Orange Blossom Trail, Orlando,FL 32839|(407) 317-9003"
-81.330789,28.524203,"Checkers-Orlando,FL","4400 Curry-Ford Road, Orlando,FL 32812|(407) 281-6803"
-81.310022,28.48337,"Checkers-Orlando,FL","5503-A S Semoran Blvd, Orlando,FL 32822|(407) 273-2201"
-81.469713,28.552131,"Checkers-Orlando,FL","6371 W Colonial Drive, Orlando,FL 32818|(407) 294-0288"
-81.471562,28.449855,"Checkers-Orlando,FL","6908 Sand Lake Road, Orlando,FL 32819|(407) 248-9052"
-81.284587,28.568202,"Checkers-Orlando,FL","7604 E Colonial Drive, Orlando,FL 32807|(407) 384-0210"
-80.621972,28.030931,"Checkers-Palm Bay,FL","4840 Babcock Road NE, Palm Bay,FL 32905|(321) 723-5001"
-80.074127,26.803382,"Checkers-Palm Beach Gardens,FL","3568 North Lake Blvd, Palm Beach Gardens,FL 33403|(561) 625-9000"
-82.738857,28.074307,"Checkers-Palm Harbor,FL","33225 US Hwy 19 North, Palm Harbor,FL 34684|(727) 789-3700"
-82.572947,27.521305,"Checkers-Palmetto,FL","1001 8th Ave W, Palmetto,FL 34220|(941) 723-9231"
-80.1834,25.98416,"Checkers-Pembroke Park,FL","4000 W Hallandale Beach Blvd, Pembroke Park,FL 33023|(954) 391-7213"
-87.239856,30.445353,"Checkers-Pensacola,FL","3200 N Pace Blvd, Pensacola,FL 32505|(850) 434-2697"
-87.277619,30.387785,"Checkers-Pensacola,FL","4200 Barrancas Avenue, Pensacola,FL 32507|(850) 458-5841"
-87.225316,30.473666,"Checkers-Pensacola,FL","5300 N Davis Highway, Pensacola,FL 32503|(850) 474-6528"
-82.724181,27.83941,"Checkers-Pinellas Park,FL","6401 Park Boulevard North, Pinellas Park,FL 33781|(727) 554-2024"
-82.688537,27.84614,"Checkers-Pinellas Park,FL","8199 US Highway 19 North, Pinellas Park,FL 33781|(727) 577-6941"
-82.126961,27.98332,"Checkers-Plant City,FL","2405 Jim Redmond Pkwy, Plant City,FL 33566|(813) 759-0151"
-80.201611,26.107162,"Checkers-Plantation,FL","1149 S SR 7, Plantation,FL 33317|(954) 321-6690"
-80.156571,26.212673,"Checkers-Pompano Beach,FL","1401 SW 26th Ave, Pompano Beach,FL 33069|(813) 283-7000"
-80.13355,26.273015,"Checkers-Pompano Beach,FL","3541 NW 8th Ave, Pompano Beach,FL 33064|(954) 786-3298"
-82.134522,27.00705,"Checkers-Port Charlotte,FL","1793 Tamiami Trail, Port Charlotte,FL 33948|(941) 255-0768"
-82.716338,28.281881,"Checkers-Port Richey,FL","8602 US Highway 19, Port Richey,FL 34668|(727) 849-1467"
-80.290269,27.274192,"Checkers-Port St Lucie,FL","10461 S US-1, Port St. Lucie,FL 34952|(772) 337-5493"
-82.373051,27.712951,"Checkers-Ruskin,FL","3854 Sun City Center, Ruskin,FL 33573|(813) 634-8380"
-81.272882,28.798205,"Checkers-Sanford,FL","1501 S French Avenue, Sanford,FL 32771|(407) 324-3309"
-82.528056,27.335597,"Checkers-Sarasota,FL","2101 Ringling Blvd, Sarasota,FL 34236|(941) 955-9896"
-82.462542,27.337966,"Checkers-Sarasota,FL","5331 Fruitville Rd, Sarasota,FL 34232|(941) 378-4656"
-82.505629,27.38849,"Checkers-Sarasota,FL","8537 N Lockwood Ridge Rd, Sarasota,FL 34243|(941) 351-0350"
-80.486444,27.841487,"Checkers-Sebastian,FL","7850 Roseland Road, Sebastian,FL 32958|(772) 589-7661"
-81.478771,27.482638,"Checkers-Sebring,FL","2815 Alt Hwy 27, Sebring,FL 33870|(863) 471-2815"
-82.27252,27.984663,"Checkers-Seffner,FL","603 Martin Luther King Blvd, Seffner,FL 33584|(813) 681-1923"
-82.541229,28.463583,"Checkers-Spring Hill,FL","2137 Mariner Blvd, Spring Hill,FL 34608|(352) 600-8970"
-82.598831,28.490864,"Checkers-Spring Hill,FL","4232 Commercial Way, Spring Hill,FL 34606|(352) 556-3685"
-81.257119,28.245925,"Checkers-St Cloud,FL","3554 US Highway 192, St Cloud,FL 34769|(407) 957-8670"
-82.679351,27.770022,"Checkers-St Petersburg,FL","100 34th Street S, St Petersburg,FL 33711|(727) 327-2196"
-82.679441,27.803868,"Checkers-St Petersburg,FL","3501 34th Street N, St Petersburg,FL 33713|(727) 526-8849"
-82.72855,27.805704,"Checkers-St Petersburg,FL","3775 66th Street N, St Petersburg,FL 33710|(727) 343-8003"
-82.646897,27.828508,"Checkers-St Petersburg,FL","6200 9th Street North, St Petersburg,FL 33702|(727) 528-3791"
-82.730922,27.770852,"Checkers-St Petersburg,FL","6730 Central Ave, St Petersburg,FL 33707|(727) 347-4686"
-80.2242799,27.162712,"Checkers-Stuart,FL","3483 SE Federal Hwy, Stuart,FL 34997|(772) 288-2006"
-84.258786,30.43553,"Checkers-Tallahassee,FL","1377 Apalachee Parkway, Tallahassee,FL 32301|(850) 877-1780"
-84.280843,30.424933,"Checkers-Tallahassee,FL","1808 South Monroe Street, Tallahassee,FL 32301|(850) 577-1685"
-84.224674,30.460941,"Checkers-Tallahassee,FL","3111 Mahan Dr, Tallahassee,FL 32308|(850) 878-8705"
-84.301866,30.434937,"Checkers-Tallahassee,FL","802 Lake Bradford Rd, Tallahassee,FL 32304|(850) 580-4079"
-82.459991,28.025328,"Checkers-Tampa,FL","107 W Waters Ave, Tampa,FL 33604|(813) 931-8449"
-82.441597,28.054382,"Checkers-Tampa,FL","1509 E Fowler Ave, Tampa,FL 33612|(813) 971-9765"
-82.441795,27.996082,"Checkers-Tampa,FL","1615 E Hillsborough Ave, Tampa,FL 33610|(813) 237-1296"
-82.430956,28.080468,"Checkers-Tampa,FL","2598 Bearss Avenue East, Tampa,FL 33613|(813) 971-9792"
-82.42819,28.068202,"Checkers-Tampa,FL","2701 E Fletcher Ave, Tampa,FL 33612|(813) 615-1550"
-82.490804,27.981322,"Checkers-Tampa,FL","2820 W Martin Luther King, Tampa,FL 33607|(813) 872-0780"
-82.451227,27.970962,"Checkers-Tampa,FL","3002 N Nebraska Ave, Tampa,FL 33603|(813) 221-4839"
-82.499491,28.09454,"Checkers-Tampa,FL","3418 Hoedt Road, Tampa,FL 33618|(813) 962-6456"
-82.522035,27.893095,"Checkers-Tampa,FL","4530 W Gandy Blvd, Tampa,FL 33611|(813) 284-5054"
-82.402613,27.961654,"Checkers-Tampa,FL","4959 E Broadway, Tampa,FL 33605|(813) 247-1015"
-82.564661,27.996667,"Checkers-Tampa,FL","7545 W Hillsborough Avenue, Tampa,FL 33615|(813) 886-8680"
-81.724176,28.817957,"Checkers-Tavares,FL","480 E Burleigh Blvd, Tavares,FL 32778|(352) 742-8244"
-82.393477,28.029009,"Checkers-Temple Terrace,FL","8800 N 56th Street, Temple Terrace,FL 33617|(813) 985-2526"
-82.422913,27.071328,"Checkers-Venice,FL","1721 Tamiami Trail, Venice,FL 34293|(941) 497-5445"
-80.389239,27.628762,"Checkers-Vero Beach,FL","1495 US Highway 1, Vero Beach,FL 32960|(772) 778-4308"
-80.247339,26.672062,"Checkers-Wellington,FL","12790 W Forest Hills Blvd, Wellington,FL 33414|(561) 798-2747"
-80.05342,26.723796,"Checkers-West Palm Beach,FL","1209 North Dixie Hwy, West Palm Beach,FL 33401|(561) 837-2313"
-80.112425,26.644174,"Checkers-West Palm Beach,FL","2270 S Military Trail, West Palm Beach,FL 33415|(561) 967-4433"
-80.091163,26.7066,"Checkers-West Palm Beach,FL","2529 Okeechobee Blvd, West Palm Beach,FL 33409|(561) 697-8508"
-81.583074,28.551412,"Checkers-Winter Garden,FL","13495 W Colonial Drive, Winter Garden,FL 34787|(407) 654-1988"
-81.718036,28.003792,"Checkers-Winter Haven,FL","604 Cypress Gardens Blvd, Winter Haven,FL 33880|(863) 299-8593"
-81.73749,28.0437,"Checkers-Winter Haven,FL","940 Havendale Blvd, Winter Haven,FL 33881|(863) 294-7686"
-84.176241,31.57588,"Checkers-Albany,GA","110 South Slappey Blvd, Albany,GA 31701|(229) 883-3131"
-83.409458,33.949825,"Checkers-Athens,GA","2198 W Broad Street, Athens,GA 30606|(706) 543-9118"
-84.434167,33.737422,"Checkers-Atlanta,GA","1449 Donnelly Ave SW, Atlanta,GA 30310|(404) 755-9986"
-84.396,33.681118,"Checkers-Atlanta,GA","211 Cleveland Ave SW, Atlanta,GA 30315|(404) 761-0201"
-84.461116,33.70521,"Checkers-Atlanta,GA","2191 Campbellton Rd SW, Atlanta,GA 30311|(404) 755-3657"
-84.38706,33.76075,"Checkers-Atlanta,GA","231 Peachtree St NE, Atlanta,GA 30303|(404) 827-9002"
-84.310719,33.68615,"Checkers-Atlanta,GA","2594 Bouldercrest Road, Atlanta,GA 30316|(404) 241-4528"
-84.473394,33.776138,"Checkers-Atlanta,GA","2641 Donald Lee Hollowell NW, Atlanta,GA 30318|(404) 794-2800"
-84.489054,33.68973,"Checkers-Atlanta,GA","2841 Greenbriar Parkway, Atlanta,GA 30331|(404) 349-2688"
-84.364758,33.8489,"Checkers-Atlanta,GA","3393 Peachtree Rd NE, Atlanta,GA 30326|(404) 239-0858"
-84.504144,33.758558,"Checkers-Atlanta,GA","3566 Martin Luther King Dr, Atlanta,GA 30331|(404) 691-0809"
-84.349201,33.742613,"Checkers-Atlanta,GA","420 Moreland Ave SE, Atlanta,GA 30316|(404) 622-4344"
-81.995897,33.475558,"Checkers-Augusta,GA","1720 Walton Way, Augusta,GA 30904|(706) 737-2301"
-82.092336,33.507091,"Checkers-Augusta,GA","228 Bobby Jones Expressway, Augusta,GA 30907|(706) 855-8444"
-82.021321,33.44088,"Checkers-Augusta,GA","2617 Deans Bridge Road, Augusta,GA 30906|(706) 796-8961"
-82.022597,33.418601,"Checkers-Augusta,GA","2901 Peach Orchard Road, Augusta,GA 30906|(706) 796-7393"
-82.04999,33.513037,"Checkers-Augusta,GA","3050 Washington Road, Augusta,GA 30907|(706) 868-0206"
-82.078699,33.467739,"Checkers-Augusta,GA","3429 Wrightsboro Road, Augusta,GA 30909|(706) 737-6850"
-84.303011,34.886417,"Checkers-Blue Ridge,GA","6 Windy Ridge Circle, Blue Ridge,GA 30513|(706) 632-2054"
-83.972694,34.066918,"Checkers-Buford,GA","Mall of Georgia [3333 Buford Dr], Buford,GA 30519|(678) 546-6800"
-84.926658,34.474843,"Checkers-Calhoun,GA","560 Highway 53 E, Calhoun,GA 30701|(706) 602-9377"
-84.790616,34.196848,"Checkers-Cartersville,GA","901 Joe Frank Harris Pkwy, Cartersville,GA 30120|(770) 387-0050"
-85.250316,34.024352,"Checkers-Cedartown,GA","703 North Main Street, Cedartown,GA 30125|(770) 749-1577"
-83.401006,34.875611,"Checkers-Clayton,GA","12 Bo James Street, Clayton,GA 30525|(706) 782-4411"
-84.472568,33.614177,"Checkers-College Park,GA","5175 Old National Hwy, College Park,GA 30349|(404) 209-8394"
-84.436049,33.60851,"Checkers-College Park,GA","5391 Riverdale Blvd, College Park,GA 30349|(770) 997-9898"
-84.955557,32.471873,"Checkers-Columbus,GA","2453 Wynnton Road, Columbus,GA 31906|(706) 507-1412"
-84.947854,32.424661,"Checkers-Columbus,GA","3474 Victory Drive, Columbus,GA 31903|(706) 687-8005"
-83.998883,33.659837,"Checkers-Conyers,GA","1436 Highway 138, Conyers,GA 30013|(770) 760-9768"
-83.863692,33.602651,"Checkers-Covington,GA","3194 US Hwy 278 NW, Covington,GA 30016|(678) 342-2102"
-84.962161,34.797889,"Checkers-Dalton,GA","1300 Cleveland Hwy, Dalton,GA 30720|(706) 277-0087"
-84.985837,34.763772,"Checkers-Dalton,GA","502 Liberty Square Drive, Dalton,GA 30720|(706) 277-5151"
-84.996514,34.790625,"Checkers-Dalton,GA","883 Shugart Road, Dalton,GA 30720|(706) 259-7747"
-84.27371,33.81003,"Checkers-Decatur,GA","2148 Lawrenceville Hwy, Decatur,GA 30033|(404) 205-5151"
-84.215331,33.718191,"Checkers-Decatur,GA","2388 Wesley Chapel Road, Decatur,GA 30035|(770) 593-2232"
-84.271702,33.705974,"Checkers-Decatur,GA","2854 Candler Rd, Decatur,GA 30034|(404) 241-3014"
-84.269042,33.754053,"Checkers-Decatur,GA","3519 Memorial Dr, Decatur,GA 30032|(404) 288-1206"
-84.251603,33.737915,"Checkers-Decatur,GA","4063 Glenwood Ave, Decatur,GA 30032|(404) 286-4034"
-84.266718,33.90908,"Checkers-Doraville,GA","5801 Buford Highway, Doraville,GA 30340|(678) 547-0036"
-82.85052,31.49532,"Checkers-Douglas,GA","1100 South Peterson Ave, Douglas,GA 51533|(912) 292-9039"
-84.73054,33.751172,"Checkers-Douglasville,GA","6033 Fairburn Rd, Douglasville,GA 30134|(707) 947-9646"
-82.95148,32.54352,"Checkers-Dublin,GA","110 Mall Rd, Dublin,GA 31021|(478) 275-2502"
-84.137437,33.962493,"Checkers-Duluth,GA","2336 Pleasant Hill Road, Duluth,GA 30096|(770) 476-8808"
-84.49289,33.6542,"Checkers-East Point,GA","3169 Camp Creek Pkwy, East Point,GA 30344|(404) 669-9101"
-84.454047,33.457141,"Checkers-Fayetteville,GA","460 Glynn Street N, Fayetteville,GA 30214|(770) 460-0660"
-84.35141,33.619566,"Checkers-Forest Park,GA","4948 Jonesboro Rd, Forest Park,GA 30297|(404) 362-0890"
-83.832826,34.289987,"Checkers-Gainesville,GA","943 Jesse Jewell Pkwy, Gainesville,GA 30501|(770) 536-1800"
-84.273934,33.247326,"Checkers-Griffin,GA","721 W Taylor Street, Griffin,GA 30223|(706) 671-2231"
-82.064755,33.386971,"Checkers-Hephzibah,GA","3554 Windsor Springs Road, Hephzibah,GA 30815|(706) 771-9715"
-81.599754,31.842759,"Checkers-Hinesville,GA","147 General Screven, Hinesville,GA 31313|(912) 877-4406"
-84.759661,33.893241,"Checkers-Hiram,GA","4113 Jimmy Lee Smith Parkway, Hiram,GA 30141|(770) 943-6474"
-84.376807,33.581721,"Checkers-Jonesboro,GA","6339 Tara Blvd, Jonesboro,GA 30236|(770) 603-1072"
-84.364471,33.537765,"Checkers-Jonesboro,GA","788 A Spur 138, Jonesboro,GA 30236|(770) 478-4411"
-85.033851,33.038732,"Checkers-LaGrange,GA","211 Vernon Street, LaGrange,GA 30240|(706) 845-8600"
-83.984404,33.987508,"Checkers-Lawrenceville,GA","919 Buford Drive, Lawrenceville,GA 30043|(678) 376-0305"
-84.169168,33.706765,"Checkers-Lithonia,GA","2775 Panola Rd, Lithonia,GA 30058|(770) 593-3111"
-84.088813,33.698134,"Checkers-Lithonia,GA","2929 Turner Hill Rd, Lithonia,GA 30038|(678) 526-7070"
-83.662937,32.811426,"Checkers-Macon,GA","2790 Pio Nono Avenue, Macon,GA 31206|(478) 784-0032"
-83.689989,32.820642,"Checkers-Macon,GA","3409 Mercer University Drive, Macon,GA 31204|(478) 755-9272"
-83.63015,32.843525,"Checkers-Macon,GA","91 Spring Street, Macon,GA 31201|(478) 742-1902"
-84.596997,33.862029,"Checkers-Marietta,GA","3745 Austell Road, Marietta,GA 30060|(770) 431-8111"
-84.520238,33.950215,"Checkers-Marietta,GA","41 Cobb Parkway SE, Marietta,GA 30060|(770) 429-8398"
-84.144244,33.427256,"Checkers-McDonough,GA","729 Highway 42 South, McDonough,GA 30253|(770) 898-3663"
-83.25127,33.10432,"Checkers-Milledgeville,GA","1860 N Columbia St, Milledgeville,GA 31061|(478) 295-2325"
-83.740694,33.797441,"Checkers-Monroe,GA","215 B Hwy 138, Monroe,GA 30655|(770) 207-6389"
-84.744881,33.3965862,"Checkers-Newnan,GA","1025 Hwy 34 E, Newnan,GA 30265|(470) 414-7371"
-84.770345,33.391339,"Checkers-Newnan,GA","214 Bullsboro Drive, Newnan,GA 30263|(770) 683-4781"
-84.205024,33.900913,"Checkers-Norcross,GA","5260 Jimmy Carter Blvd, Norcross,GA 30093|(770) 416-6840"
-84.412505,33.573081,"Checkers-Riverdale,GA","6660 Highway 85, Riverdale,GA 30274|(770) 997-2214"
-85.164515,34.257243,"Checkers-Rome,GA","900 N Broad Street, Rome,GA 30161|(706) 290-1070"
-81.112909,32.02953,"Checkers-Savannah,GA","100 W Derenne Avenue, Savannah,GA 31405|(912) 354-4939"
-81.151826,31.982577,"Checkers-Savannah,GA","11710 Abercorn Street, Savannah,GA 31406|(912) 920-8955"
-81.063464,32.043548,"Checkers-Savannah,GA","2510 Skidaway Road, Savannah,GA 31404|(912) 236-8481"
-81.113319,32.00392,"Checkers-Savannah,GA","301 Mall Boulevard, Savannah,GA 31406|(912) 354-8030"
-84.478281,33.893043,"Checkers-Smyrna,GA","2410 S Cobb Pkwy, Smyrna,GA 30080|(770) 436-2455"
-84.014587,33.871871,"Checkers-Snellville,GA","1947 Scenic Highway, Snellville,GA 30078|(770) 736-0036"
-83.708149,33.675591,"Checkers-Social Circle,GA","1265 N Cherokee Rd, Social Circle,GA 30025|(770) 464-1199"
-84.23558,33.50718,"Checkers-Stockbridge,GA","1400 Hudson Bridge Rd, Stockbridge,GA 30281|(470) 488-1833"
-84.261211,33.553518,"Checkers-Stockbridge,GA","70 Hwy 138, Stockbridge,GA 30281|(770) 507-4309"
-84.194095,33.802145,"Checkers-Stone Mountain,GA","6000 Memorial Drive, Stone Mountain,GA 30083|(404) 294-8075"
-84.046811,34.028473,"Checkers-Suwanee,GA","2930 Lawrenceville-Suwanee Road, Sawanee,GA 30024|(770) 932-0404"
-82.502994,33.505551,"Checkers-Thomson,GA","1807 Washington Road, Thomson,GA 30824|(706) 595-3311"
-83.527085,31.45571,"Checkers-Tifton,GA","112 S Virginia Ave, Tifton,GA 31794|(229) 386-5852"
-84.244377,33.84695,"Checkers-Tucker,GA","4270 La Vista Road, Tucker,GA 30084|(770) 491-1461"
-84.187436,33.867278,"Checkers-Tucker,GA","6344 Lawrenceville Hwy, Tucker,GA 30084|(678) 937-9320"
-83.281506,30.858549,"Checkers-Valdosta,GA","2129 N Ashley Street, Valdosta,GA 31602|(229) 249-9044"
-82.402571,32.212987,"Checkers-Vidalia,GA","907 East 1st Street, Vidalia,GA 30474|(912) 538-1005"
-83.641528,32.619752,"Checkers-Warner Robins,GA","120 N Houston Road, Warner Robins,GA 31093|(478) 929-9777"
-82.331751,31.202639,"Checkers-Waycross,GA","1918 Memorial Drive, Waycross,GA 31501|(912) 284-1066"
-84.58445,34.11293,"Checkers-Woodstock,GA","6435 Bells Ferry Rd, Woodstock,GA 30189|(678) 695-3740"
-84.530438,34.085908,"Checkers-Woodstock,GA","9500 Highway 92, Woodstock,GA 30188|(770) 516-1595"
-90.550817,41.538332,"Checkers-Davenport,IA","1721 E Locust, Davenport,IA 52803|(563) 322-1367"
-90.610648,41.560193,"Checkers-Davenport,IA","2310 W Kimberly Rd, Davenport,IA 52806|(563) 388-6082"
-87.719644,41.6759279,"Checkers-Alsip,IL","11915 S Pulaski Rd, Alsip,IL 60803|(708) 926-2315"
-87.7819,41.77319,"Checkers-Bedford Park,IL","6401 W 65th St, Bedford Park,IL 60638|(773) 229-8683"
-88.06908,41.70906,"Checkers-Bolingbrook,IL","439 N Bolingbrook Rd, Bolingbrook,IL 60440|(630) 226-1223"
-87.85031,41.16109,"Checkers-Bradley,IL","1250 North Kinzie Ave, Bradley,IL 60915|(815) 401-5662"
-87.62017,41.72148,"Checkers-Chicago,IL","107 E 95th St, Chicago,IL 60619|(773) 541-6444"
-87.642114,41.686,"Checkers-Chicago,IL","11449 S Halsted St, Chicago,IL 60628|(773) 264-7422"
-87.720581,41.8662827,"Checkers-Chicago,IL","3808 W Roosevelt Rd, Chicago,IL 60624|(773) 826-9506"
-87.73457,41.90978,"Checkers-Chicago,IL","4320 W North Ave, Chicago,IL 60639|(773) 384-7729"
-87.6746254,41.8083543,"Checkers-Chicago,IL","4703 S Damen Ave, Chicago,IL 60609|(773) 650-0661"
-87.630499,41.794861,"Checkers-Chicago,IL","5451 S Wentworth Avenue, Chicago,IL 60609|(773) 268-5145"
-87.66389,41.77926,"Checkers-Chicago,IL","6301 Ashland  Ave, Chicago,IL 60636|(312) 813-6149"
-87.6442337,41.7722244,"Checkers-Chicago,IL","6705 Halstead St, Chicago,IL 60621|(773) 488-8997"
-87.585188,41.736249,"Checkers-Chicago,IL","8705 S Stoney Island, Chicago,IL 60617|(773) 437-3945"
-87.674869,41.623476,"Checkers-Dixmoor,IL","14655 S Western Ave, Dixmoor,IL 60426|(708) 629-0691"
-87.5917753,41.6226348,"Checkers-Dolton,IL","1008 E Sibley Blvd, Dolton,IL 60419|(708) 880-1323"
-90.449113,41.489909,"Checkers-East Moline,IL","565 42nd Avenue, East Moline,IL 61244|(309) 752-1800"
-88.266466,42.05791,"Checkers-Elgin,IL","1137 Dundee Ave, Elgin,IL 60120|(224) 769-7109"
-87.684315,41.721281,"Checkers-Evergreen Park,IL","2500 West 95th St, Evergreen Park,IL 60805|(708) 595-7807"
-88.145172,42.007358,"Checkers-Hanover Park,IL","7460 N Barrington Rd, Hanover Park,IL 60133|(847) 852-7061"
-88.1259,41.52293,"Checkers-Joliet,IL","1805 W Jefferson St, Joliet,IL 60435|(815) 630-4482"
-87.55828,41.57341,"Checkers-Lansing,IL","17701 S Torrence Ave, Lansing,IL 60438|(708) 251-8130"
-88.804307,40.64382,"Checkers-Lexington,IL","1740 PJ Keller Hwy, Lexington,IL 61753|(309) 365-3010"
-90.558793,41.493402,"Checkers-Rock Island,IL","2929 18th Avenue, Rock Island,IL 61201|(309) 786-7200"
-90.545211,41.46749,"Checkers-Rock Island,IL","4010 Blackhawk Road, Rock Island,IL 61201|(309) 283-0490"
-88.079917,41.65346,"Checkers-Romeoville,IL","651 N Independence Blvd, Romeoville,IL 60446|(815) 524-3563"
-87.598563,41.600818,"Checkers-South Holland,IL","730 E 162nd Street, South Holland,IL 60473|(708) 333-2611"
-87.876883,42.34874,"Checkers-Waukegan,IL","3035 Belvidere Rd, Waukegan,IL 60085|(847) 672-9478"
-87.336525,41.552875,"Checkers-Gary,IN","3600 Broadway, Gary,IN 46408|(219) 884-7025"
-92.44714,31.278647,"Checkers-Alexandria,LA","3434 Lee Street, Alexandria,LA 71302|(318) 767-2128"
-91.026078,30.541671,"Checkers-Baton Rouge,LA","10200 Sullivan Rd, Baton Rouge,LA 70818|(225) 221-1550"
-91.142156,30.430959,"Checkers-Baton Rouge,LA","4637 Florida Blvd, Baton Rouge,LA 70806|(225) 256-4784"
-91.911514,30.289606,"Checkers-Breaux Bridge,LA","1928 Rees St, Breaux Bridge,LA 70517|(337) 442-1999"
-93.289151,30.856268,"Checkers-DeRidder,LA","704 N Pine Street, DeRidder,LA 70634|(337) 463-9103"
-92.015314,30.244942,"Checkers-Lafayette,LA","113 W Willow Street, Lafayette,LA 70506|(337) 269-0646"
-92.050286,30.212413,"Checkers-Lafayette,LA","2448 W Congress Street, Lafayette,LA 70503|(337) 269-1748"
-92.075003,30.18459,"Checkers-Lafayette,LA","3220 Ambassador Caffery, Lafayette,LA 70506|(337) 989-2736"
-92.050333,30.158106,"Checkers-Lafayette,LA","4414 Ambassador Caffery, Lafayette,LA 70508|(337) 989-0083"
-93.25205,30.16839,"Checkers-Lake Charles,LA","2001 Country Club Rd, Lake Charles,LA 70605|(337) 475-2310"
-93.1798,30.22758,"Checkers-Lake Charles,LA","2601 Broad Street, Lake Charles,LA 70601|(337) 436-2901"
-93.214868,30.198288,"Checkers-Lake Charles,LA","521 E Prien Lake Road, Lake Charles,LA 70601|(337) 433-5030"
-93.267718,31.12541,"Checkers-Leesville,LA","1708 S 5th Street, Leesville,LA 71446|(337) 238-1011"
-93.098664,31.77159,"Checkers-Natchitoches,LA","1420 Texas St, Natchitoches,LA 71457|(318) 352-4380"
-91.81937,29.984811,"Checkers-New Iberia,LA","1100 Admiral Doyle, New Iberia,LA 70560|(337) 365-1009"
-92.08177,30.532805,"Checkers-Opelousas,LA","200 S Main St, Opelousas,LA 70570|(337) 942-7406"
-93.783931,32.558581,"Checkers-Shreveport,LA","3077 North Market St, Shreveport,LA 71107|(318) 222-8080"
-93.797342,32.456939,"Checkers-Shreveport,LA","5755 Jewella Ave, Shreveport,LA 71109|(318) 621-8880"
-93.376209,30.219234,"Checkers-Sulphur,LA","2044 S Ruth Street, Sulphur,LA 70663|(337) 527-0170"
-93.325741,30.220888,"Checkers-Sulphur,LA","226 Cities Service S Hwy, Sulphur,LA 70663|(337) 287-4113"
-76.548327,39.399997,"Checkers-Baltimore,MD","1915 East Joppa Dr, Baltimore,MD 21234|(410) 663-5798"
-76.653531,39.284533,"Checkers-Baltimore,MD","2351 Frederick Ave, Baltimore,MD 21223|(410) 233-9100"
-76.480062,39.336738,"Checkers-Baltimore,MD","6210 Rossville Blvd, Baltimore,MD 21237|(410) 391-5100"
-76.680932,39.344137,"Checkers-Baltimore,MD","6660 Reistertown Rd, Baltimore,MD 21215|(410) 358-3405"
-76.75042,39.312862,"Checkers-Baltimore,MD","6901 Security Blvd, Baltimore,MD 21244|(410) 944-1753"
-76.507711,39.296012,"Checkers-Baltimore,MD","7925 Eastern Ave, Baltimore,MD 21224|(410) 288-6681"
-76.910873,38.997664,"Checkers-Berwyn Heights,MD","6051 Greenbelt Road, Berwyn Heights,MD 20740|(301) 982-9449"
-76.935202,38.939394,"Checkers-Bladensburg,MD","4850 Annapolis Road, Bladensburg,MD 20710|(301) 779-6343"
-76.876129,38.671415,"Checkers-Brandywine,MD","7511 Clymer Dr, Brandywine,MD 20613|(301) 782-7338"
-76.500669,38.293577,"Checkers-California,MD","45500 Miramar Way, California,MD 20619|(301) 737-4000"
-76.889645,38.819118,"Checkers-Camp Springs,MD","4827 Allentown Road, Camp Springs,MD 20746|(301) 736-4179"
-76.852493,38.890671,"Checkers-Capitol Heights,MD","9005 Central Avenue, Capitol Heights,MD 20743|(301) 808-6226"
-76.732393,39.287726,"Checkers-Catonsville,MD","5705 Baltimore National Pike, Catonsville,MD 21228|(410) 744-5528"
-76.882236,38.76954,"Checkers-Clinton,MD","8815 Woodyard Road, Clinton,MD 20735|(301) 856-5445"
-76.696245,39.016869,"Checkers-Crofton,MD","1645 Crofton Centre, Crofton,MD 21114|(410) 721-8657"
-76.896668,38.853193,"Checkers-District Heights,MD","6401 Marlboro Pike, District Heights,MD 20747|(301) 420-6452"
-76.31481,39.435395,"Checkers-Edgewood,MD","1926 Pulaski Hwy, Edgewood,MD 21040|(410) 676-8011"
-76.837309,39.277668,"Checkers-Ellicott City,MD","9447 Baltimore National Pike, Ellicott City,MD 21042|(410) 480-0945"
-77.409396,39.392086,"Checkers-Frederick,MD","5731 Buckeystown Pike, Frederick,MD 21701|(301) 682-9731"
-77.179145,39.121085,"Checkers-Gaithersburg,MD","16171 Shady Grove Road, Gaithersburg,MD 20877|(301) 519-2480"
-76.591689,39.13513,"Checkers-Glen Burnie,MD","102 Mountain Rd, Glen Burnie,MD 21060|(410) 553-6220"
-76.613852,39.186101,"Checkers-Glen Burnie,MD","1417 N Crain Hwy, Glen Burnie,MD 21061|(410) 761-3830"
-77.691629,39.615298,"Checkers-Hagerstown,MD","1720 Dual Hwy, Hagerstown,MD 21740|(301) 519-2480"
-76.967766,38.949257,"Checkers-Hyattsville,MD","3032 Queen's Chapel Road, Hyattsville,MD 20782|(301) 209-0398"
-76.88841,38.926575,"Checkers-Landover,MD","7415 Landover Road, Landover,MD 20785|(301) 583-0760"
-76.460933,38.26243,"Checkers-Lexington Park,MD","21656 Great Mills Rd, Lexington Park,MD 20653|(301) 866-1888"
-76.643996,39.215299,"Checkers-Linthicum,MD","6899 Baltimore-Annapolis Blvd, Linthicum,MD 21090|(410) 789-5326"
-76.941656,38.830316,"Checkers-Marlow Heights,MD","4335 St Barnabas Road, Marlow Heights,MD 20748|(301) 423-9312"
-76.977904,38.804708,"Checkers-Oxon Hill,MD","6041 Oxon Hill Road, Oxon Hill,MD 20745|(301) 749-8031"
-76.776982,39.360737,"Checkers-Randallstown,MD","8538 Liberty Rd, Randallstown,MD 21133|(410) 521-2850"
-75.600605,38.355107,"Checkers-Salisbury,MD","754 S Salisbury Blvd, Salisbury,MD 21801|(443) 944-8114"
-76.909944,38.625883,"Checkers-Waldorf,MD","3002 Leonard Town Road, Waldorf,MD 20601|(301) 645-7820"
-85.226208,42.29739,"Checkers-Battle Creek,MI","1600 W Columbia Ave, Battle Creek,MI 49015|(269) 964-4340"
-83.026934,42.469533,"Checkers-Center Line,MI","23815 Van Dyke Avenue, Center Line,MI 48015|(586) 754-6444"
-82.811599,42.674399,"Checkers-Chesterfield,MI","29610 23 Mile Rd, Chesterfield,MI 48047|(586) 649-7187"
-83.165423,42.531327,"Checkers-Clawson,MI","201 Crooks Road, Clawson,MI 48017|(248) 435-0355"
-82.87073,42.55631,"Checkers-Clinton Township,MI","35101 Harper Rd, Clinton Township,MI 48035|(586) 421-5499"
-82.952524,42.602111,"Checkers-Clinton Township,MI","41554 Garfield Rd, Clinton Township,MI 48038|(586) 948-8331"
-85.689631,43.039873,"Checkers-Comstock Park,MI","4201 Alpine Ave NW, Comstock Park,MI 49321|(616) 785-9191"
-83.270749,42.27476,"Checkers-Dearborn Heights,MI","4850 S Telegraph Road, Dearborn Heights,MI 48125|(313) 291-1260"
-83.274667,42.356077,"Checkers-Dearborn Heights,MI","8675 N Telegraph, Dearborn Heights,MI 48127|(313) 563-1699"
-83.168765,42.431232,"Checkers-Detroit,MI","10711 W 7 Mile Rd, Detroit,MI 48221|(313) 341-2445"
-83.197571,42.373234,"Checkers-Detroit,MI","11641 Greenfield Road, Detroit,MI 48227|(313) 653-3103"
-83.139267,42.39394,"Checkers-Detroit,MI","14350 Livernois Ave, Detroit,MI 48238|(313) 852-0933"
-82.94238,42.41264,"Checkers-Detroit,MI","16511 Harper Ave, Detroit,MI 48224|(313) 647-4262"
-83.215771,42.3997,"Checkers-Detroit,MI","17620 Grand River Ave, Detroit,MI 48227|(313) 270-2199"
-83.238298,42.443779,"Checkers-Detroit,MI","19801 West 8 Mile Road, Detroit,MI 48219|(313) 362-2555"
-83.064573,42.447252,"Checkers-Detroit,MI","4030 East 8 Mile Road, Detroit,MI 48234|(313) 893-6150"
-83.0626649,42.3544038,"Checkers-Detroit,MI","4664 Woodward Ave, Detroit,MI 48201|(313) 831-1268"
-83.10654,42.316155,"Checkers-Detroit,MI","6060 West Vernor Hwy, Detroit,MI 48209|(313) 749-7580"
-83.156063,42.327906,"Checkers-Detroit,MI","9515 Michigan Ave, Detroit,MI 48210|(313) 914-5112"
-83.139389,42.446455,"Checkers-Ferndale,MI","900 W 8 Mile Road, Ferndale,MI 48220|(248) 629-7361"
-82.944555,42.5267,"Checkers-Fraser,MI","31331 Groesbeck Highway, Fraser,MI 48026|(586) 293-1045"
-85.64161,42.970023,"Checkers-Grand Rapids,MI","1131 Michigan Street, Grand Rapids,MI 49503|(616) 458-9191"
-85.654622,42.912838,"Checkers-Grand Rapids,MI","461 28th Street, Grand Rapids,MI 49507|(616) 452-9191"
-83.054115,42.391195,"Checkers-Hamtramack,MI","8917 Joseph Campau, Hamtramack,MI 48212|(313) 875-5904"
-83.744929,42.633329,"Checkers-Hartland,MI","10440 Highland Rd, Hartland,MI 48353|(810) 991-1325"
-83.102745,42.461414,"Checkers-Hazel Park,MI","300 E 9 Mile Road, Hazel Park,MI 48030|(248) 542-5607"
-83.100714,42.410958,"Checkers-Highland Park,MI","15101 Woodward Ave, Highland Park,MI 48203|(313) 252-1930"
-86.083084,42.79043,"Checkers-Holland,MI","554 8th Ave, Holland,MI 49423|(616) 546-9199"
-85.648277,42.276217,"Checkers-Kalamazoo,MI","1560 S Drake Rd, Kalamazoo,MI 49006|(269) 544-0554"
-85.575175,42.294695,"Checkers-Kalamazoo,MI","575 E Michigan Ave, Kalamazoo,MI 49007|(269) 343-6995"
-85.5686,42.911398,"Checkers-Kentwood,MI","2860 E Paris Ave SE, Kentwood,MI 49512|(810) 975-9191"
-83.244483,42.759902,"Checkers-Lake Orion,MI","1476 S Lapeer Rd, Lake Orion,MI 48312|(248) 693-3198"
-83.321674,43.038888,"Checkers-Lapeer,MI","880 S Main Street, Lapeer,MI 48446|(810) 664-3511"
-83.194861,42.251671,"Checkers-Lincoln Park,MI","2250 Dix Road, Lincoln Park,MI 48146|(313) 383-9206"
-83.090951,42.505073,"Checkers-Madison Heights,MI","1450 E 12 Mile Road, Madison Heights,MI 48071|(248) 546-5103"
-83.1098862,42.533638,"Checkers-Madison Heights,MI","321 W 14 Mile Rd, Madison Heights,MI 48071|(248) 588-2268"
-83.409564,41.932924,"Checkers-Monroe,MI","808 N Telegraph Road, Monroe,MI 48162|(734) 457-5468"
-86.20944,43.220402,"Checkers-Muskegon,MI","1785 Creston Street, Muskegon,MI 49442|(231) 773-6540"
-83.291487,42.707501,"Checkers-Orion Township,MI","717 Brown Rd, Orion Township,MI 48362|(248) 977-3019"
-83.279146,42.654445,"Checkers-Pontiac,MI","780 N Perry St, Pontiac,MI 48342|(248) 338-7720"
-82.4414693,43.0048129,"Checkers-Port Huron,MI","2852 Pine Grove Ave, Port Huron,MI 48060|(810) 294-5482"
-83.313465,42.369995,"Checkers-Redford,MI","11610 Inkster Road, Redford,MI 48239|(313) 937-1667"
-83.297632,42.432778,"Checkers-Redford Township,MI","25800 Grand River, Redford Township,MI 48240|(313) 535-8674"
-83.32775,42.238044,"Checkers-Romulus,MI","9247 Middlebelt Road, Romulus,MI 48174|(734) 946-5838"
-82.946728,42.481419,"Checkers-Roseville,MI","25260 Gratiot Ave, Roseville,MI 48066|(586) 775-4610"
-82.933863,42.501822,"Checkers-Roseville,MI","27951 Gratiot Ave, Roseville,MI 48066|(586) 774-5078"
-83.22115,42.47252,"Checkers-Southfield,MI","24791 Southfield Rd, Southfield,MI 48075|(248) 281-6614"
-83.1906,42.18522,"Checkers-Southgate,MI","13680 Pennsylvania Rd, Southgate,MI 48195|(734) 785-8417"
-82.905029,42.472384,"Checkers-St Clair Shores,MI","24101 Harper Avenue, St Clair Shores,MI 48080|(586) 778-2210"
-83.32663,42.613667,"Checkers-Sylvan Lake,MI","2100 Orchard Lake Rd, Sylvan Lake,MI 48320|(248) 622-5717"
-83.2991,42.196589,"Checkers-Taylor,MI","26715 Eureka Road, Taylor,MI 48180|(734) 941-4778"
-83.029201,42.531369,"Checkers-Warren,MI","32320 Van Dyke, Warren,MI 48093|(586) 268-3339"
-83.3722877,42.6535833,"Checkers-Waterford,MI","4349 Highland Rd, Waterford,MI 48328|(248) 499-8623"
-83.389179,42.323777,"Checkers-Westland,MI","2220 Wayne Road, Westland,MI 48185|(734) 326-5740"
-83.2259753,42.132416,"Checkers-Woodhaven,MI","24300 Allen Rd, Woodhaven,MI 48183|(734) 675-2955"
-83.180471,42.210392,"Checkers-Wyandotte,MI","2291 Fort Street, Wyandotte,MI 48192|(734) 282-3341"
-85.69849,42.913418,"Checkers-Wyoming,MI","1325 28th St SW, Wyoming,MI 49509|(616) 719-0765"
-83.65582,42.24933,"Checkers-Ypsilanti,MI","2835 Washtenaw Ave, Ypsilanti,MI 48197|(734) 961-7411"
-93.28865,45.07389,"Checkers-Brooklyn Center,MN","615 66th Ave North, Brooklyn Center,MN 55430|(763) 585-9800"
-89.030208,30.397963,"Checkers-Gulfport,MS","1123 E Pass Road, Gulfport,MS 39507|(228) 897-9010"
-89.331462,31.324674,"Checkers-Hattiesburg,MS","2806 Hardy Street, Hattiesburg,MS 39401|(601) 261-9931"
-89.14911,31.712191,"Checkers-Laurel,MS","1925 Highway 15 North, Laurel,MS 39440|(601) 425-1380"
-88.781496,30.412419,"Checkers-Ocean Springs,MS","3154 Bienville Blvd, Ocean Springs,MS 39564|(228) 872-7998"
-88.52511,30.379542,"Checkers-Pascagoula,MS","3413 Denny Avenue, Pascagoula,MS 39581|(228) 769-6966"
-90.006574,34.991864,"Checkers-Southhaven,MS","938 W Stateline Road, Southhaven,MS 38671|(662) 393-0241"
-90.315129,34.819353,"Checkers-Tunica Resorts,MS","6804 Casino Strip Blvd, Tunica Resorts,MS 38664|(662) 357-9776"
-88.717037,34.249459,"Checkers-Tupelo,MS","509 South Gloster St, Tupelo,MS 38801|(662) 260-5071"
-77.370301,35.586071,"Checkers-Greenville,NC","703 SE Greenville Blvd, Greenville,NC 27858|(252) 321-6779"
-81.335638,35.750321,"Checkers-Hickory,NC","1304 2nd St NE, Hickory,NC 28601|(828) 327-5611"
-77.415293,34.761008,"Checkers-Jacksonville,NC","643 N Marine Blvd, Jacksonville,NC 28540|(910) 346-8197"
-81.524336,35.273783,"Checkers-Shelby,NC","938 Grove St, Shelby,NC 28152|(704) 600-6284"
-78.326085,35.505359,"Checkers-Smithfield,NC","1691 E Market St, Smithfield,NC 27577|(919) 989-2007"
-78.9723417,35.1664888,"Checkers-Spring Lake,NC","143 S Bragg Blvd, Spring Lake,NC 28390|(910) 346-1134"
-77.923609,34.225423,"Checkers-Wilmington,NC","1901 Oleander Dr, Wilmington,NC 28401|(910) 251-7856"
-77.87547,34.24391,"Checkers-Wilmington,NC","5226 Sigmon Rd, Wilmington,NC 28403|(910) 392-8299"
-74.840243,40.050535,"Checkers-Burlington,NJ","2105 Burlington-Mt Holly Rd, Burlington,NJ 08016|(856) 239-2611"
-75.097336,39.907771,"Checkers-Camden,NJ","2881 Mount Ephraim Ave, Camden,NJ 08104|(856) 962-6965"
-74.216548,40.755968,"Checkers-East Orange,NJ","360 Central Avenue, East Orange,NJ 07018|(201) 677-7575"
-75.11463,39.720071,"Checkers-Glassboro,NJ","701 North Delsea Drive, Glassboro,NJ 08028|(856) 881-2906"
-74.250372,40.187374,"Checkers-Howell Township,NJ","1992 Rt 9 & West Farms Rd, Howell Township,NJ 07731|(732) 462-9820"
-74.082225,40.721241,"Checkers-Jersey City,NJ","823 Communipaw Avenue, Jersey City,NJ 07304|(201) 413-5458"
-74.251898,40.617272,"Checkers-Linden,NJ","901 W Edgar Road, Linden,NJ 07036|(908) 474-0363"
-74.188459,40.745182,"Checkers-Newark,NJ","111 Hartford Street, Newark,NJ 07103|(973) 622-1961"
-74.180507,40.923867,"Checkers-Paterson,NJ","220 W. Broadway, Paterson,NJ 07522|(973) 389-1850"
-74.166605,40.915188,"Checkers-Paterson,NJ","283 Market Street, Paterson,NJ 07501|(201) 357-0102"
-75.075583,39.937512,"Checkers-Pennsauken Township,NJ","6720 South Crescent Blvd, Pennsauken Township,NY 08109|(none listed)"
-75.005513,39.833246,"Checkers-Stratford,NJ","2 South White Horse Pike, Stratford,NJ 08084|(856) 783-2147"
-74.18892,39.96386,"Checkers-Toms River,NJ","140 Rt 37 West, Toms River,NJ 08753|(732) 736-8200"
-73.427037,40.701848,"Checkers-Amityville,NY","800 Broadway, Amityville,NY 11701|(631) 842-2732"
-73.607779,40.6657,"Checkers-Baldwin,NY","1840 Grand Ave, Baldwin,NY 11510|(516) 868-4546"
-73.2447566,40.7366408,"Checkers-Bay Shore,NY","1701 Sunrise Hwy, Bay Shore,NY 11706|(631) 969-8888"
-73.246141,40.779083,"Checkers-Brentwood,NY","1825 Brentwood Road, Brentwood,NY 11717|(631) 231-8090"
-73.891905,40.824489,"Checkers-Bronx,NY","1058 Southern Blvd, Bronx,NY 10459|(718) 220-9000"
-73.922857,40.835792,"Checkers-Bronx,NY","1203 Jerome Ave, Bronx,NY 10452|(917) 891-6060"
-73.918799,40.825694,"Checkers-Bronx,NY","260 East 161st Street, Bronx,NY 10451|(718) 585-7777"
-73.891485,40.861774,"Checkers-Bronx,NY","379 E Fordham Rd, Bronx,NY 10458|(347) 271-9238"
-73.8905957,40.8452053,"Checkers-Bronx,NY","711 E Tremont Ave, Bronx,NY 10457|(914) 933-7711"
-73.863411,40.8764561,"Checkers-Bronx,NY","771 E Gunn Hill Rd, Bronx,NY 10467|(718) 881-1179"
-73.92354,40.66484,"Checkers-Brooklyn,NY","1101 Rutland Rd, Brooklyn,NY 11212|(347) 295-2451"
-73.991923,40.690608,"Checkers-Brooklyn,NY","111 Court St, Brooklyn,NY 11201|(718) 797-5333"
-73.936201,40.696861,"Checkers-Brooklyn,NY","1130 Myrtle Ave, Brooklyn,NY 11206|(347) 789-4250"
-73.86676,40.67856,"Checkers-Brooklyn,NY","1146 Liberty Ave, Brooklyn,NY 11208|(347) 533-7800"
-73.914791,40.685383,"Checkers-Brooklyn,NY","1611 Broadway, Brooklyn,NY 11207|(718) 443-6160"
-73.96295,40.64966,"Checkers-Brooklyn,NY","1801 Church Ave, Brooklyn,NY 11226|(347) 955-4360"
-73.958699,40.708701,"Checkers-Brooklyn,NY","277 Broadway, Brooklyn,NY 11211|(718) 387-7900"
-73.9607543,40.6633348,"Checkers-Brooklyn,NY","43 Empire Blvd, Brooklyn,NY 11225|(718) 287-1400"
-73.993607,40.668364,"Checkers-Brooklyn,NY","552 3rd Ave, Brooklyn,NY 11215|(718) 576-3092"
-73.890263,40.658191,"Checkers-Brooklyn,NY","797 Pennsylvania Ave, Brooklyn,NY 11207|(917) 983-9000"
-78.878211,42.9517409,"Checkers-Buffalo,NY","1969 Elmwood Ave, Buffalo,NY 14207|(716) 262-2047"
-78.813302,42.927871,"Checkers-Buffalo,NY","2665 Bailey Ave, Buffalo,NY 14215|(716) 262-2216"
-73.203485,40.790328,"Checkers-Central Islip,NY","7 W Suffolk Avenue, Central Islip,NY 11722|(631) 582-5219"
-78.75264,42.88154,"Checkers-Cheektowaga,NY","2563 Union Rd, Cheektowaga,NY 14227|(716) 262-2165"
-78.727423,42.932388,"Checkers-Cheektowaga,NY","4200 Genesee St, Cheektowaga,NY 14225|(716) 633-0382"
-78.32903,43.01187,"Checkers-Corfu,NY","Pembroke Travel Plaza [8139 Indian Falls Rd], Corfu,NY 14036|(585) 762-9047"
-78.697505,42.912209,"Checkers-Depew,NY","5760 Transit Rd, Depew,NY 14043|(716) 601-7743"
-73.5565733,40.724982,"Checkers-East Meadow,NY","2148 Hempstead Turnpike, East Meadow,NY 11554|(516) 542-6180"
-73.86559,40.736946,"Checkers-Elmhurst,NY","9505 57th Ave, Elmhurst,NY 11368|(718) 663-1951"
-73.707063,40.708042,"Checkers-Elmont,NY","600 Hempstead Turnpike, Elmont,NY 11003|(516) 326-6859"
-73.615729,40.709671,"Checkers-Hempstead,NY","461 Fulton Avenue, Hempstead,NY 11550|(516) 565-2906"
-73.412186,40.840809,"Checkers-Huntington Station,NY","1680 New York Ave, Huntington Station,NY 11746|(631) 923-1660"
-73.77627,40.674178,"Checkers-Jamaica,NY","133-18 Guy Brewer Blvd, Jamaica,NY 11433|(718) 413-5599"
-73.7813478,40.7132321,"Checkers-Jamaica,NY","181-30 Hillside Ave, Jamaica,NY 11432|(929) 335-0272"
-73.807578,40.714827,"Checkers-Jamaica,NY","8345 Parsons Blvd, Jamaica,NY 11432|(718) 291-4738"
-73.102488,40.827273,"Checkers-Lake Ronkonkoma,NY","258 Portion Road, Lake Ronkonkoma,NY 11779|(631) 585-0093"
-73.376312,40.702849,"Checkers-Lindenhurst,NY","136 Sunrise Hwy, Lindenhurst,NY 11757|(631) 956-1831"
-73.939674,40.750107,"Checkers-Long Island City,NY","2712 Queens Plaza South, Long Island City,NY 11101|(718) 392-4252"
-73.98317,40.73103,"Checkers-New York,NY","225 1st Ave, New York,NY 10003|(212) 777-1115"
-73.9997663,40.7113318,"Checkers-New York,NY","23 Saint James Place, New York,NY 10038|(212) 587-8870"
-73.95295,40.81059,"Checkers-New York,NY","291 St Nicholas Ave, New York,NY 10027|(645) 833-7302"
-73.917871,40.815765,"Checkers-New York,NY","530 Willis Ave, New York,NY 10455|(347) 862-0367"
-73.944828,40.823894,"Checkers-New York,NY","695 Saint Nicholas Ave, New York,NY 10031|(212) 234-7067"
-74.006749,40.714392,"Checkers-New York,NY","77 Chambers Street, New York,NY 10007|(212) 587-8888"
-73.9445993,40.807465,"Checkers-New York,NY","79 W 125th St, New York,NY 10027|(212) 837-1500"
-73.320947,40.739225,"Checkers-North Babylon,NY","1260 Deer Park Avenue, North Babylon,NY 11703|(631) 667-2930"
-73.006406,40.766055,"Checkers-Patchogue,NY","272 E Main St, Patchogue,NY 11772|(631) 289-0196"
-73.823241,40.686577,"Checkers-Richmond Hill,NY","120-06 Liberty Ave, Richmond Hill-,NY 11419|(718) 848-4400"
-73.734532,40.665199,"Checkers-Rosedale Village,NY","139-33 245th St, Rosedale Village,NY 11422|(347) 426-9878"
-73.052117,40.863208,"Checkers-Selden,NY","1115 Middle Country Road, Selden,NY 11784|(631) 698-7228"
-72.866624,40.799707,"Checkers-Shirley,NY","550 William Floyd Parkway, Shirley,NY 11967|(631) 281-1060"
-73.7693246,40.6836686,"Checkers-St Albans,NY","122-21 Merrick Blvd, St Albans,NY 11434|(718) 712-2420"
-74.164972,40.62707,"Checkers-Staten Island,NY","2270 Forest Ave, Staten Island,NY 10301|(none listed)"
-78.822675,43.019009,"Checkers-Tonawanda,NY","2374 Niagara Falls Blvd, Tonawanda,NY 14150|(716) 262-2046"
-77.41339,42.99897,"Checkers-Victor,NY","Seneca Travel Plaza [7029 Aldridge Rd], Victor,NY 14564|(585) 824-3636"
-73.574792,40.750412,"Checkers-Westbury,NY","635 Old Country Road, Westbury,NY 11590|(516) 333-7992"
-76.830459,40.252142,"Checkers-Harrisburg,PA","3501 Paxton Street, Harrisburg,PA 17111|(717) 558-8070"
-75.095245,40.017975,"Checkers-Philadelphia,PA","1208-12 N Broad @ Girard, Philadelphia,PA 19124|(215) 236-0904"
-75.181219,39.918037,"Checkers-Philadelphia,PA","2008 Oregon Avenue, Philadelphia,PA 19145|(215) 334-8802"
-75.136427,39.991594,"Checkers-Philadelphia,PA","232-50 W Lehigh Avenue, Philadelphia,PA 19133|(215) 427-9660"
-75.179729,39.991845,"Checkers-Philadelphia,PA","2329-49 N 29th Street, Philadelphia,PA 19132|(215) 225-1141"
-75.243869,39.914144,"Checkers-Philadelphia,PA","2448 Island Ave, Philadelphia,PA 19153|(215) 492-0200"
-75.17426,40.00733,"Checkers-Philadelphia,PA","2729 W Hunting Park Ave, Philadelphia,PA 19129|(215) 223-1619"
-75.099042,39.992348,"Checkers-Philadelphia,PA","3500 Aramingo Ave, Philadelphia,PA 19134|(215) 288-9100"
-75.208519,39.957947,"Checkers-Philadelphia,PA","4322 Market St, Philadelphia,PA 19104|(215) 662-0400"
-75.218127,39.972856,"Checkers-Philadelphia,PA","4813-23 Lancaster Avenue, Philadelphia,PA 19131|(215) 879-6220"
-75.084994,40.030551,"Checkers-Philadelphia,PA","5427 Oxford Avenue, Philadelphia,PA 19124|(215) 537-8030"
-75.239115,39.946097,"Checkers-Philadelphia,PA","5726-46 Baltimore Avenue, Philadelphia,PA 19143|(215) 476-8025"
-75.143714,40.043567,"Checkers-Philadelphia,PA","5943 North Broad Street, Philadelphia,PA 19123|(215) 276-8981"
-75.163544,40.058475,"Checkers-Philadelphia,PA","7115 Stenton Avenue, Philadelphia,PA 19138|(215) 276-4344"
-75.046241,40.056627,"Checkers-Philadelphia,PA","8001 Roosevelt Blvd, Philadelphia,PA 19132|(215) 338-9810"
-75.03235,40.07525,"Checkers-Philadelphia,PA","9173 Roosevelt Boulevard, Philadelphia,PA 19114|(215) 856-3861"
-75.92729,40.380192,"Checkers-Reading,PA","3045 5th St Hwy, Reading,PA 19605|(610) 921-5400"
-80.011165,32.899952,"Checkers-Charleston,SC","1846 Remount Rd, Charleston,SC 29406|(843) 740-9165"
-79.765326,34.172501,"Checkers-Florence,SC","1245 S Irby St, Florence,SC 29505|(843) 629-8480"
-79.80975,34.18694,"Checkers-Florence,SC","2110 W Palmetto St, Florence,SC 29501|(843) 292-0100"
-78.91135,33.703001,"Checkers-Myrtle Beach,SC","541 Seaboard St, Myrtle Beach,SC 29577|(843) 444-5515"
-81.938294,33.570586,"Checkers-North Augusta,SC","1029 Edgefield Rd, North Augusta,SC 29860|(803) 441-6441"
-80.006596,32.853912,"Checkers-North Charleston,SC","4299 Dorchester Rd, North Charleston,SC 29405|(843) 744-4469"
-80.170133,33.026557,"Checkers-Summerville,SC","601 N Main St, Summerville,SC 29483|(843) 695-1436"
-84.874549,35.184286,"Checkers-Cleveland,TN","920 25th Street NW, Cleveland,TN 37311|(423) 473-0293"
-85.236559,34.995645,"Checkers-East Ridge,TN","4348 Ringgold Rd, East Ridge,TN 37142|(423) 622-7120"
-86.6999753,36.2987485,"Checkers-Goodlettsville,TN","930 Rivergate Parkway, Goodlettsville,TN 37072|(615) 448-6837"
-88.8499,35.661062,"Checkers-Jackson,TN","620 Carriage House Dr, Jackson,TN 38305|(731) 300-3900"
-83.608007,35.977984,"Checkers-Kodak,TN","3423 Windfield Dunn Pkwy, Kodak,TN 37764|(865) 465-7811"
-86.584021,36.022107,"Checkers-La Vergne,TN","5062 Murfreesboro Pike, La Vergne,TN 37086|(615) 280-1545"
-86.77424,35.44264,"Checkers-Lewisburg,TN","360 S Ellington Pkwy, Lewisburg,TN 37091|(931) 359-1665"
-89.984925,35.108451,"Checkers-Memphis,TN","1353 Airways Blvd, Memphis,TN 38114|(901) 452-3033"
-89.905758,35.063032,"Checkers-Memphis,TN","3149 South Perkins Rd, Memphis,TN 38127|(901) 529-7543"
-89.952806,35.164709,"Checkers-Memphis,TN","3231 Jackson Ave, Memphis,TN 38122|(901) 327-6909"
-89.916291,35.213977,"Checkers-Memphis,TN","3240 Austin Peay Highway, Memphis,TN 38128|(901) 384-9271"
-90.02506,35.050255,"Checkers-Memphis,TN","3605 Elvis Presley Blvd, Memphis,TN 38116|(901) 332-0143"
-89.940595,35.064713,"Checkers-Memphis,TN","3680 Lamar Ave, Memphis,TN 38118|(901) 433-9480"
-89.933067,35.107558,"Checkers-Memphis,TN","3887 Park Ave, Memphis,TN 38111|(901) 791-4585"
-90.047277,35.124418,"Checkers-Memphis,TN","434 E Eh Crump Blvd, Memphis,TN 38126|(901) 774-4812"
-89.863924,35.072603,"Checkers-Memphis,TN","6000 Mount Moriah Road, Memphis,TN 38115|(901) 797-8455"
-90.021046,35.129084,"Checkers-Memphis,TN","631 S Bellevue, Memphis,TN 38104|(901) 722-9090"
-89.797978,35.04846,"Checkers-Memphis,TN","7938 Winchester Rd, Memphis,TN 38125|(901) 590-0412"
-90.032823,35.145548,"Checkers-Memphis,TN","844 Poplar Avenue, Memphis,TN 38105|(901) 529-8446"
-86.40277,35.854736,"Checkers-Murfreesboro,TN","829 NW Broad Street, Murfreesboro,TN 37129|(615) 893-1217"
-86.738497,36.203658,"Checkers-Nashville,TN","3001 Gallatin Road, Nashville,TN 37216|(615) 228-6584"
-86.83231,36.19481,"Checkers-Nashville,TN","3232 Clarksville Pike, Nashville,TN 37218|(615) 942-7394"
-86.49653,35.96275,"Checkers-Smyrna,TN","1098 Sgt Asbury Hawn Way, Smyrna,TN 37167|(615) 223-9326"
-94.863545,29.824365,"Checkers-Baytown,TX","16160 Interstate 10 E, Baytown,TX 77523|(346) 241-0040"
-94.129787,30.085436,"Checkers-Beaumont,TX","490 N 11th St, Beaumont,TX 77702|(409) 833-6365"
-95.0778241,29.9494373,"Checkers-Crosby,TX","18703 Fm 2100 Rd [ste A], Crosby,TX 77532|(281) 462-7753"
-94.966201,29.98679,"Checkers-Dayton,TX","9645 US Hwy 90, Dayton,TX 77535|(936) 258-6774"
-94.5907443,30.0275008,"Checkers-Devers,TX","210 Hwy 90, Devers,TX 77538|(936) 549-7008"
-96.177185,31.711981,"Checkers-Fairfield,TX","500 I-45 South, Fairfield,TX 75840|(903) 915-4794"
-96.086143,30.116374,"Checkers-Hockley,TX","33515 Hwy 290, Hockley,TX 77445|(936) 372-8026"
-95.181673,29.804085,"Checkers-Houston,TX","11 Uvalde Rd, Houston,TX 77015|(281) 818-9771"
-95.37154,29.93231,"Checkers-Houston,TX","1114 Aldine Bender Rd, Houston,TX 77032|(832) 672-4975"
-95.5770737,29.6747425,"Checkers-Houston,TX","11300 Bissonnet St, Houston,TX 77099|(832) 243-4327"
-95.419518,29.973885,"Checkers-Houston,TX","121 Remington Valley Dr, Houston,TX 77073|(281) 982-3259"
-95.464937,29.629707,"Checkers-Houston,TX","13500 S Post Oak Rd, Houston,TX 77045|(832) 433-7299"
-95.6229926,29.6886165,"Checkers-Houston,TX","13600 Beechnut St, Houston,TX 77083|(281) 506-8585"
-95.434692,29.995922,"Checkers-Houston,TX","15710 Ella Blvd, Houston,TX 77090|(832) 286-4506"
-95.60633,29.74815,"Checkers-Houston,TX","1806 S Dairy Ashford Rd, Houston,TX 77077|(346) 207-7616"
-95.68772,29.812009,"Checkers-Houston,TX","2925 Barker Cypress St, Houston,TX 77084|(281) 676-8881"
-95.4767,29.728749,"Checkers-Houston,TX","3410 Chimney Rock Rd, Houston,TX 77056|(281) 888-1164"
-95.49854,29.93645,"Checkers-Houston,TX","4919 North Sam Houston Pkwy W, Houston,TX 77086|(832) 666-5000"
-95.300493,29.891667,"Checkers-Houston,TX","6001 Mount Houston Rd, Houston,TX 77050|(281) 416-4100"
-95.39418,29.67927,"Checkers-Houston,TX","8610 Almeda Rd, Houston,TX 77054|(346) 571-1879"
-95.212168,29.935391,"Checkers-Humble,TX","11863 N Sam Houston Pkwy E, Humble,TX 77346|(346) 219-2644"
-95.353134,30.015019,"Checkers-Humble,TX","4892 Fm 1960, Humble,TX 77338|(832) 644-9714"
-95.868372,29.785532,"Checkers-Katy,TX","29625 Hwy Blvd, Katy,TX 77494|(281) 574-6696"
-95.79547,29.77367,"Checkers-Katy,TX","600 Katy Fort Bend Rd, Katy,TX 77494|(281) 394-9723"
-96.043104,30.273876,"Checkers-Navasota,TX","17694 Hwy 6, Navasota,TX 77868|(936) 825-3663"
-95.233003,30.119998,"Checkers-Porter,TX","22510 US Hwy 59, Porter,TX 77365|(281) 577-8101"
-95.1411,30.26893,"Checkers-Splendora,TX","12050 US Hwy 59, Splendora,TX 77328|(281) 806-7731"
-95.111525,29.543469,"Checkers-Webster,TX","601 E Nasa Pkwy, Webster,TX 77598|(346) 230-7190"
-77.525687,38.291646,"Checkers-Fredericksburg,VA","3901 Plank Rd, Fredericksburg,VA 22407|(540) 785-2118"
-78.1889098,38.9646554,"Checkers-Front Royal,VA","135 Riverton Commons Plaza, Front Royal,VA 22630|(540) 635-9019"
-77.636909,38.812385,"Checkers-Haymarket,VA","6530 Trading Square [Walmart], Haymarket,VA 20169|(703) 754-6241"
-77.515163,38.791907,"Checkers-Manassas,VA","7550 Broken Branch Ln, Manassas,VA 20109|(703) 335-0084"
-78.14709,39.18633,"Checkers-Winchester,VA","826 Berryville Ave, Winchester,VA 22602|(540) 722-2001"
-77.274409,38.631183,"Checkers-Woodbridge,VA","1920 Daniel Stuart Square, Woodbridge,VA 22191|(703) 492-6663"
-87.927039,43.060393,"Checkers-Milwaukee,WI","1205 W North Ave, Milwaukee,WI 53205|(414) 263-1717"
-87.956605,43.074571,"Checkers-Milwaukee,WI","3431 W Fond du Lac Ave, Milwaukee,WI 53210|(414) 444-6774"
-88.00626,43.089849,"Checkers-Milwaukee,WI","7525 W Capitol Dr, Milwaukee,WI 53216|(414) 536-5550"
-89.817177,44.377923,"Checkers-Wisconsin Rapids,WI","1840 8th St South, Wisconsin Rapids,WI 54494|(715) 421-5140"
-81.834799,38.43738,"Checkers-Nitro,WV","4110 1st Ave, Nitro,WV 25143|(304) 755-3505"
-86.963364,33.40354,"Rally's-Bessemer,AL","1601 9th Avenue North, Bessemer,AL 35202|(205) 424-3226"
-86.883096,33.47048,"Rally's-Birmingham,AL","1420 31st Street SW, Birmingham,AL 35221|(205) 929-0570"
-86.806988,33.530545,"Rally's-Birmingham,AL","2520 12th Avenue North, Birmingham,AL 35234|(205) 323-0744"
-86.777817,33.527748,"Rally's-Birmingham,AL","4030 First Avenue, Birmingham,AL 35212|(205) 592-8305"
-86.842404,33.499304,"Rally's-Birmingham,AL","636 Lomb Avenue Southeast, Birmingham,AL 35211|(205) 785-1819"
-86.728433,33.562165,"Rally's-Birmingham,AL","7736 First Ave North, Birmingham,AL 35206|(205) 836-3691"
-86.683486,33.649559,"Rally's-Center Point,AL","2400 Center Point Parkway, Center Point,AL 35125|(205) 856-9011"
-86.848871,34.183894,"Rally's-Cullman,AL","724 Second Avenue NW, Cullman,AL 35055|(205) 734-0390"
-87.279462,33.849227,"Rally's-Jasper,AL","402 Highway 78W, Jasper,AL 35501|(205) 387-0069"
-86.912034,33.463747,"Rally's-Midfield,AL","86 Weibel Drive, Midfield,AL 35228|(205) 925-9007"
-94.22449,36.3683,"Rally's-Bentonville,AR","406 S Walton Blvd, Bentonville,AR 72712|(479) 271-7333"
-92.431039,35.091709,"Rally's-Conway,AR","420 Oak St, Conway,AR 72032|(501) 327-2600"
-94.20139,36.049968,"Rally's-Fayetteville,AR","2875 West Martin Luther King Blvd, Fayetteville,AR 72704|(479) 444-6365"
-92.106609,34.886079,"Rally's-Jacksonville,AR","2211 North First St, Jacksonville,AR 72076|(501) 982-2024"
-92.333411,34.741101,"Rally's-Little Rock,AR","5400 West 12th St, Little Rock,AR 72204|(501) 661-0550"
-92.3434,34.669101,"Rally's-Little Rock,AR","5921 Base Line, Little Rock,AR 72209|(501) 562-5880"
-92.2767487,34.7423019,"Rally's-Little Rock,AR","712 Broadway, Little Rock,AR 72201|(501) 374-5444"
-92.213913,34.789101,"Rally's-North Little Rock,AR","4550 E McCain Blvd, North Little Rock,AR 72117|(501) 955-3877"
-92.026041,34.201838,"Rally's-Pine Bluff,AR","2301 West 28th St, Pine Bluff,AR 71603|(870) 534-6766"
-92.043531,34.233047,"Rally's-Pine Bluff,AR","403 North Blake St, Pine Bluff,AR 71601|(870) 534-3022"
-111.838764,33.451441,"Rally's-Mesa,AZ","343 West McKellips Rd, Mesa,AZ 85201|(480) 461-9676"
-112.090808,33.509144,"Rally's-Phoeniz,AZ","1345 West Camelback Rd, Phoenix,AZ 85013|(602) 265-3387"
-111.961162,33.421948,"Rally's-Tempe,AZ","1410 West University, Tempe,AZ 85281|(480) 966-9019"
-114.624624,32.684394,"Rally's-Yuma,AZ","2380 S 4th Ave, Yuma,AZ 85364|(928) 782-7380"
-117.993617,33.832327,"Rally's-Anaheim,CA","105 North Beach Blvd, Anaheim,CA 92801|(714) 995-0907"
-117.960703,34.091869,"Rally's-Baldwin Park,CA","4345 Maine Ave, Baldwin Park,CA 91706|(626) 426-4004"
-115.544863,32.978622,"Rally's-Brawley,CA","240 West Main, Brawley,CA 92227|(760) 351-1120"
-115.502041,32.694003,"Rally's-Calexico,CA","200 E Cole Rd, Calexico,CA 92231|(760) 357-8205"
-115.495639,32.665292,"Rally's-Calexico,CA","232 First St, Calexico,CA 92231|(760) 357-5528"
-117.070249,32.61663,"Rally's-Chula Vista,CA","1004 3rd Avenue, Chula Vista,CA 91911|(619) 476-8780"
-119.715562,36.793908,"Rally's-Clovis,CA","280 W Ashlan Ave, Clovis,CA 93612|(559) 291-1276"
-117.59217,33.877222,"Rally's-Corona,CA","1406 W 6th St, Corona,CA 92882|(951) 475-1037"
-116.938533,32.794922,"Rally's-El Cajon,CA","1261 East Main Street, El Cajon,CA 92021|(619) 444-3496"
-115.569991,32.809621,"Rally's-El Centro,CA","1820 North Imperial Ave, El Centro,CA 92243|(760) 482-5428"
-117.067649,33.130182,"Rally's-Escondido,CA","1157 East Valley Parkway, Escondido,CA 92025|(760) 432-0323"
-119.771042,36.823118,"Rally's-Fresno,CA","1034 E Bullard Ave, Fresno,CA 93710|(559) 261-9472"
-119.83012,36.756686,"Rally's-Fresno,CA","1135 N Parkway, Fresno,CA 93710|(559) 266-1730"
-119.798569,36.731549,"Rally's-Fresno,CA","1345 Fresno St, Fresno,CA 93706|(559) 264-2262"
-119.86326,36.808382,"Rally's-Fresno,CA","4020 West Shaw Avenue, Fresno,CA 93704|(559) 271-2986"
-119.73525,36.73586,"Rally's-Fresno,CA","4818 E Kings Canyon Rd, Fresno,CA 93727|(559) 456-0271"
-118.326528,33.901456,"Rally's-Gardena,CA","14306 Crenshaw Blvd, Gardena,CA 90249|(310) 527-2238"
-119.673491,36.328111,"Rally's-Hanford,CA","1706 W Lacy Ave, Hanford,CA 93230|(559) 583-1907"
-118.352411,33.916197,"Rally's-Hawthorne,CA","12812 S Hawthorne Blvd, Hawthorne,CA 90250|(310) 219-0013"
-118.209183,33.972519,"Rally's-Huntington Park,CA","3234 East Florence, Huntington Park,CA 90255|(323) 581-3763"
-118.361434,33.945448,"Rally's-Inglewood,CA","4801 West Century Blvd, Inglewood,CA 90304|(310) 677-8272"
-118.32651,33.960817,"Rally's-Inglewood,CA","8500 Crenshaw, Inglewood,CA 90305|(323) 753-5033"
-118.167434,33.789868,"Rally's-Long Beach,CA","2001 E Pacific Coast Hwy, Long Beach,CA 90804|(562) 434-1490"
-118.151499,33.874652,"Rally's-Long Beach,CA","3490 East Artesia, Long Beach,CA 90805|(562) 422-3228"
-118.340467,34.010225,"Rally's-Los Angeles,CA","3650 MLK Blvd [Baldwin Hills - Food Court], Los Angeles,CA 90008|(323) 299-8510"
-118.265187,33.974472,"Rally's-Los Angeles,CA","7207 S Avalon, Los Angeles,CA 90003|(323) 751-5839"
-120.834518,37.05692,"Rally's-Los Banos,CA","1330 E Pacheco Blvd, Los Banos,CA 93635|(209) 826-1946"
-120.085015,36.974542,"Rally's-Madera,CA","2310 West Cleveland, Madera,CA 93637|(559) 666-2137"
-117.179328,33.936472,"Rally's-Moreno Valley,CA","12721 Moreno Beach Dr, Moreno Valley,CA 92555|(951) 485-4452"
-118.08212,33.917082,"Rally's-Norwalk,CA","11750 Imperial Highway, Norwalk,CA 90650|(310) 807-0036"
-119.044912,36.080418,"Rally's-Porterville,CA","1230 W Henderson Ave, Porterville,CA 93257|(209) 782-4687"
-117.370916,34.09624,"Rally's-Rialto,CA","300 South Riverside Ave, Rialto,CA 92376|(909) 873-5449"
-117.100861,32.583776,"Rally's-San Diego,CA","1545 Palm Avenue, San Diego,CA 92154|(619) 429-3139"
-117.11586,32.80536,"Rally's-San Diego,CA","3382 Murphy Canyon Rd, San Diego,CA 92123|(858) 277-2559"
-117.129249,32.696304,"Rally's-San Diego,CA","931 S 30th Street, San Diego,CA 92113|(619) 546-8595"
-120.543682,36.8496,"Rally's-Selma,CA","2854 E Floral Ave, Selma,CA 93622|(559) 896-5739"
-117.012252,32.714759,"Rally's-Spring Valley,CA","8667 Jamacha Road, Spring Valley,CA 91977|(619) 464-3223"
-90.172666,38.922352,"Rally's-Alton,IL","199 South Center Drive, Alton,IL 62002|(618) 465-0654"
-89.984299,38.502284,"Rally's-Belleville,IL","1105 South Illinois Street, Belleville,IL 62220|(618) 236-2003"
-90.024021,38.540957,"Rally's-Belleville,IL","4527 W Main, Belleville,IL 62223|(618) 277-9075"
-90.06085,38.901328,"Rally's-Bethalto,IL","167 East McArthur Drive, Bethalto,IL 62010|(618) 258-1811"
-90.166636,38.554373,"Rally's-Cahokia,IL","1600 Camp Jackson Road, Cahokia,IL 62206|(618) 337-1464"
-90.142106,38.703124,"Rally's-Granite City,IL","2220 Madison Avenue, Granite City,IL 62040|(618) 877-4616"
-89.646526,39.787106,"Rally's-Springfield,IL","710 S Grand Ave E, Springfield,IL 62703|(217) 744-0324"
-85.706901,40.106896,"Rally's-Anderson,IN","2110 SR 9 South, Anderson,IN 46016|(765) 643-2464"
-86.082654,39.702663,"Rally's-Beach Grove,IN","4420 S. Emerson Ave, Beach Grove,IN 46203|(317) 780-0262"
-86.533652,39.160364,"Rally's-Bloomington,IN","550 South Walnut Street, Bloomington,IN 47401|(812) 333-5671"
-86.013451,40.123615,"Rally's-Cicero,IN","1010 S Peru Street, Cicero,IN 46034|(317) 984-2379"
-85.763079,38.313459,"Rally's-Clarksville,IN","756 Hwy 131 East, Clarksville,IN 47129|(812) 284-5151"
-85.887211,39.219756,"Rally's-Columbus,IN","2080 North National Road, Columbus,IN 47201|(812) 372-1059"
-87.543006,37.981313,"Rally's-Evansville,IN","1201 East Virginia Street, Evansville,IN 47711|(812) 425-8119"
-87.493656,37.991246,"Rally's-Evansville,IN","4720 E Morgan Ave, Evansville,IN 47715|(none listed)"
-85.142424,41.075715,"Rally's-Fort Wayne,IN","320 W Jefferson Blvd, Fort Wayne,IN 46802|(260) 422-7842"
-85.089784,41.097676,"Rally's-Fort Wayne,IN","3906 E State Blvd, Fort Wayne,IN 46805|(260) 484-6006"
-85.135513,41.122329,"Rally's-Fort Wayne,IN","4810 Coldwater Road, Fort Wayne,IN 46825|(260) 483-4335"
-85.112834,41.033674,"Rally's-Fort Wayne,IN","5607 Anthony Blvd, Fort Wayne,IN 46806|(260) 441-8400"
-85.217702,41.060398,"Rally's-Fort Wayne,IN","6022 W Jefferson [Times Corner], Fort Wayne,IN 46802|(260) 436-7509"
-85.064042,41.120298,"Rally's-Fort Wayne,IN","6139 Stellhorn Road, Fort Wayne,IN 46815|(260) 486-9262"
-86.065056,39.495051,"Rally's-Franklin,IN","1599 Morton St, Franklin,IN 46131|(317) 346-4270"
-87.348706,41.601978,"Rally's-Gary,IN","910 West 5th Avenue, Gary,IN 46402|(219) 882-8608"
-86.121978,39.628897,"Rally's-Greenwood,IN","839 US 31 North, Greenwood,IN 46142|(317) 885-0435"
-87.480937,41.591272,"Rally's-Hammond,IN","6735 Indianapolis Blvd, Hammond,IN 46324|(219) 845-9722"
-86.045457,39.788652,"Rally's-Indianapolis,IN","1520 N Shadeland Ave, Indianapolis,IN 46219|(317) 353-9320"
-86.150725,39.723244,"Rally's-Indianapolis,IN","2950 Madison Avenue, Indianapolis,IN 46225|(317) 787-7793"
-86.111562,39.768725,"Rally's-Indianapolis,IN","3102 E Washington Street, Indianapolis,IN 46201|(317) 236-8944"
-86.217743,39.911668,"Rally's-Indianapolis,IN","3325 West 86th Street, Indianapolis,IN 46268|(317) 876-5436"
-86.23058,39.819553,"Rally's-Indianapolis,IN","3541 Lafayette Road, Indianapolis,IN 46222|(317) 298-4483"
-86.238881,39.713977,"Rally's-Indianapolis,IN","3605 Kentucky Avenue, Indianapolis,IN 46221|(317) 481-1131"
-86.145034,39.825222,"Rally's-Indianapolis,IN","3801 N College, Indianapolis,IN 46205|(317) 931-1535"
-86.225556,39.760422,"Rally's-Indianapolis,IN","3807 W Washington St, Indianapolis,IN 46241|(317) 243-0993"
-86.271369,39.692632,"Rally's-Indianapolis,IN","4905 Kentucky Ave, Indianapolis,IN 46221|(317) 821-0645"
-86.079545,39.665943,"Rally's-Indianapolis,IN","5235 E Southport Rd, Indianapolis,IN 46237|(317) 888-0000"
-86.121982,39.851624,"Rally's-Indianapolis,IN","5405 N Keystone, Indianapolis,IN 46220|(317) 253-6208"
-86.050527,39.905249,"Rally's-Indianapolis,IN","6742 E 82nd Street, Indianapolis,IN 46250|(317) 585-9546"
-86.046775,39.82688,"Rally's-Indianapolis,IN","6970 E Pendleton Pike, Indianapolis,IN 46226|(317) 546-3411"
-86.289549,39.779138,"Rally's-Indianapolis,IN","7311 West 10th Street, Indianapolis,IN 46214|(317) 271-1174"
-86.945105,38.374742,"Rally's-Jasper,IN","368 US Hwy 231 S, Jasper,IN 47546|(812) 634-9001"
-85.727835,38.291023,"Rally's-Jeffersonville,IN","1514 East 10th St, Jeffersonville,IN 47130|(812) 282-7918"
-86.109255,40.466188,"Rally's-Kokomo,IN","1825 E Hoffer Street, Kokomo,IN 46902|(765) 452-9967"
-86.163512,40.487758,"Rally's-Kokomo,IN","2316 W Sycamore Street, Kokomo,IN 46901|(765) 459-8697"
-86.126879,40.435038,"Rally's-Kokomo,IN","401 Kentucky Ave, Kokomo,IN 46902|(765) 864-0768"
-85.394317,38.774984,"Rally's-Madison,IN","400 Clifty Drive, Madison,IN 47250|(812) 273-6600"
-85.675852,40.565439,"Rally's-Marion,IN","602 Baldwin Avenue, Marion,IN 46952|(765) 664-4672"
-86.895327,41.704242,"Rally's-Michigan City,IN","2102 S Franklin, Michigan City,IN 46360|(219) 872-7687"
-86.187499,41.680358,"Rally's-Mishawaka,IN","410 West McKinley Avenue, Mishawaka,IN 46545|(574) 258-0767"
-85.385343,40.219024,"Rally's-Muncie,IN","220 East McGalliard Street, Muncie,IN 47303|(765) 286-0350"
-85.381804,40.190898,"Rally's-Muncie,IN","400 South Madison, Muncie,IN 47305|(765) 282-4732"
-85.842807,38.308991,"Rally's-New Albany,IN","2350 State St, New Albany,IN 47150|(812) 590-3181"
-85.807241,38.292749,"Rally's-New Albany,IN","401 Vincennes Street, New Albany,IN 47150|(812) 944-3670"
-86.361804,39.715982,"Rally's-Plainfield,IN","2560 East Main, Plainfield,IN 46168|(317) 838-0626"
-84.8429642,39.8315773,"Rally's-Richmond,IN","4380 National Rd E, Richmond,IN 47374|(765) 488-2463"
-85.866581,38.958158,"Rally's-Seymour,IN","1507 East Tipton St, Seymour,IN 47274|(912) 522-1554"
-85.744014,39.523008,"Rally's-Shelbyville,IN","2424 E State Road 44, Shelbyville,IN 46176|(317) 392-7740"
-86.249767,41.65273,"Rally's-South Bend,IN","2021 South Michigan Street, South Bend,IN 46613|(574) 234-3407"
-76.379189,39.66798,"Rally's-Terre Haute,IN","129 South 3rd Street [Walnut], Terre Haute,IN 47802|(812) 232-3886"
-87.371202,39.472122,"Rally's-Terre Haute,IN","3175 East Wabash Avenue, Terre Haute,IN 47803|(812) 232-5168"
-87.415931,39.42522,"Rally's-Terre Haute,IN","3492 S US Highway 41, Terre Haute,IN 47802|(812) 235-1160"
-87.507847,38.68805,"Rally's-Vincennes,IN","2202 North 6th Street, Vincennes,IN 47591|(812) 886-9530"
-82.665851,38.493231,"Rally's-Ashland,KY","405 Russell Road, Ashland,KY 41101|(606) 327-5533"
-86.467794,36.979743,"Rally's-Bowling Green,KY","1901 Russellville Road, Bowling Green,KY 42101|(270) 843-3077"
-86.429099,36.988931,"Rally's-Bowling Green,KY","640 US 31 W Bypass, Bowling Green,KY 42101|(270) 843-8485"
-85.369339,37.344601,"Rally's-Campbellsville,KY","475 Campbellsville Bypass, Campbellsville,KY 42718|(270) 469-9032"
-85.868717,37.70198,"Rally's-Elizabethtown,KY","525 W Dixie Avenue, Elizabethtown,KY 42701|(502) 737-0482"
-84.627513,39.057704,"Rally's-Erlanger,KY","1790 Airport Exchange, Erlanger,KY 41018|(859) 282-8985"
-84.626922,38.956207,"Rally's-Florence,KY","321-B Mt Zion Road, Florence,KY 41042|(859) 371-0354"
-84.637507,38.990187,"Rally's-Florence,KY","7843 US Route 42, Florence,KY 41042|(859) 282-0900"
-85.92861,36.997929,"Rally's-Glasgow,KY","210 S L Rogers Well Blvd, Glasgow,KY 42141|(270) 629-3278"
-87.574493,37.863145,"Rally's-Henderson,KY","1927 US 41 North, Henderson,KY 42420|(270) 869-8251"
-87.479773,36.838519,"Rally's-Hopkinsville,KY","2921 Ft Campbell Blvd., Hopkinsville,KY 42240|(502) 886-0255"
-85.37144,38.39854,"Rally's-La Grange,KY","803 South Highway 53, La Grange,KY 40031|(502) 222-4111"
-86.2942928,37.4714628,"Rally's-Leitchfield,KY","511 S Main Street, Leitchfield,KY 42754|(270) 230-1905"
-84.519911,38.035867,"Rally's-Lexington,KY","1214 South Broadway, Lexington,KY 40509|(859) 253-9841"
-84.468973,38.064268,"Rally's-Lexington,KY","125 New Circle Road NE, Lexington,KY 40505|(859) 299-3884"
-84.449237,38.00499,"Rally's-Lexington,KY","2975 Richmond Road, Lexington,KY 40509|(859) 269-1900"
-84.506199,38.07536,"Rally's-Lexington,KY","410 Georgetown Road, Lexington,KY 40511|(859) 255-6474"
-85.868486,38.104829,"Rally's-Louisville,KY","10310 Dixie Hwy, Louisville,KY 40272|(502) 933-0431"
-85.790742,38.228366,"Rally's-Louisville,KY","1800 W Hill Street, Louisville,KY 40210|(502) 776-6454"
-85.787101,38.249193,"Rally's-Louisville,KY","2130 W Broadway, Louisville,KY 40211|(502) 778-3446"
-85.74147,38.212844,"Rally's-Louisville,KY","2502 South Preston Hwy, Louisville,KY 40217|(502) 637-4170"
-85.669063,38.208539,"Rally's-Louisville,KY","3290 Bardstown Road, Louisville,KY 40205|(502) 459-4124"
-85.782881,38.1972,"Rally's-Louisville,KY","3455 Taylor Blvd, Louisville,KY 40215|(502) 368-3956"
-85.839139,38.197885,"Rally's-Louisville,KY","4401 Cane Run Road, Louisville,KY 40216|(502) 449-3078"
-85.775228,38.145475,"Rally's-Louisville,KY","5506 New Cut Road, Louisville,KY 40214|(502) 361-5151"
-85.680395,38.126941,"Rally's-Louisville,KY","8601 Preston Highway, Louisville,KY 40219|(502) 968-7145"
-87.484107,37.327632,"Rally's-Madisonville,KY","790 East Center Street, Madisonville,KY 42431|(502) 821-9770"
-88.315761,36.616781,"Rally's-Murray,KY","1201 Chestnut St, Murray,KY 42071|(270) 917-7255"
-87.112486,37.763475,"Rally's-Owensboro,KY","1301 Frederica, Owensboro,KY 42301|(502) 685-2788"
-85.93883,37.840597,"Rally's-Radcliff,KY","160 N Dixie, Radcliff,KY 40160|(502) 352-1611"
-84.310043,37.736651,"Rally's-Richmond,KY","509 Eastern By-Pass, Richmond,KY 40475|(859) 623-5754"
-85.710079,37.994626,"Rally's-Shepherdsville,KY","441 Adam Shepherd Pkwy, Shepherdsville,KY 40165|(502) 531-1187"
-84.208564,38.005976,"Rally's-Winchester,KY","1478 W Lexington Avenue, Winchester,KY 40391|(606) 745-1929"
-90.004749,29.957506,"Rally's-Arabi,LA","6700 St Claude Avenue, Arabi,LA 70032|(504) 271-4696"
-90.085426,30.468908,"Rally's-Covington,LA","2560 Highway 190 North, Covington,LA 70433|(985) 809-1809"
-90.052035,29.913912,"Rally's-Gretna,LA","62 West Bank Expressway, Gretna,LA 70053|(504) 361-9972"
-90.181838,29.949247,"Rally's-Harahan,LA","5300 Jefferson Highway, Harahan,LA 70123|(504) 734-0672"
-90.059881,29.894069,"Rally's-Harvey,LA","1509 Manhattan Street, Harvey,LA 70058|(504) 362-2905"
-90.689972,29.578402,"Rally's-Houma,LA","1159 Grand Caillou, Houma,LA 70363|(985) 851-5529"
-90.746685,29.606685,"Rally's-Houma,LA","1526 Martin Luther King Blvd, Houma,LA 70364|(504) 851-1090"
-90.266383,30.010395,"Rally's-Kenner,LA","3102 Loyola Drive, Kenner,LA 70065|(504) 466-6550"
-90.239629,30.017921,"Rally's-Kenner,LA","3401 Williams Boulevard, Kenner,LA 70065|(504) 443-1130"
-90.485662,30.069524,"Rally's-La Place,LA","810 West Airline Highway, La Place,LA 70068|(985) 651-0546"
-90.098273,29.876734,"Rally's-Marerro,LA","1875 Barataria Boulevard, Marerro,LA 70072|(504) 340-1017"
-90.142272,30.001865,"Rally's-Metairie,LA","1720 Veterans Blvd, Metairie,LA 70003|(504) 831-8898"
-90.17189,29.97561,"Rally's-Metairie,LA","4001 Airline Dr, Metairie,LA 70001|(504) 831-4753"
-90.08698,29.966188,"Rally's-New Orleans,LA","131 N Broad Street, New Orleans,LA 70119|(504) 822-9089"
-90.068418,29.978124,"Rally's-New Orleans,LA","2135 St Bernard Ave, New Orleans,LA 70119|(504) 943-5750"
-90.090242,29.945171,"Rally's-New Orleans,LA","2201 S Claiborne Ave., New Orleans,LA 70125|(504) 561-9185"
-90.052748,29.968983,"Rally's-New Orleans,LA","2371 St Claude Avenue, New Orleans,LA 70117|(504) 944-5410"
-90.114174,29.96193,"Rally's-New Orleans,LA","3222 South Carrollton Ave, New Orleans,LA 70118|(504) 482-2668"
-90.022173,29.925057,"Rally's-New Orleans,LA","3555 General DeGaulle, New Orleans,LA 70114|(504) 364-1969"
-90.037054,30.004954,"Rally's-New Orleans,LA","4460 Chef Menteur Hwy, New Orleans,LA 70122|(504) 947-2355"
-84.041161,41.874908,"Rally's-Adrian,MI","1109 East US 223, Adrian,MI 49221|(517) 265-9545"
-83.885743,43.589297,"Rally's-Bay City,MI","102 S Madison, Bay City,MI 48708|(989) 895-2677"
-83.895131,43.623822,"Rally's-Bay City,MI","3990 East Wilder Road, Bay City,MI 48706|(989) 686-6877"
-83.672806,42.975031,"Rally's-Burton,MI","3514 S Saginaw, Burton,MI 48529|(810) 249-3244"
-84.824126,42.571598,"Rally's-Charlotte,MI","640 Lansing Road, Charlotte,MI 48813|(517) 531-1561"
-83.772872,43.177446,"Rally's-Clio,MI","4514 W Vienna Road, Clio,MI 48420|(810) 686-3942"
-83.73326,42.80225,"Rally's-Fenton,MI","15155 Silver Pkwy, Fenton,MI 48430|(810) 215-1225"
-83.655011,43.033648,"Rally's-Flint,MI","1914 Dort Hwy, Flint,MI 48506|(810) 766-9537"
-83.770506,43.002032,"Rally's-Flint,MI","4455 Corunna Road, Flint,MI 48532|(810) 733-3809"
-83.692157,43.023498,"Rally's-Flint,MI","855 E Fifth Avenue, Flint,MI 48503|(810) 234-9577"
-84.4276276,42.2616005,"Rally's-Jackson,MI","1095 North Wisner St, Jackson,MI 49202|(517) 787-0478"
-84.567399,42.701239,"Rally's-Lansing,MI","3110 S Martin Luther King Jr Blvd, Lansing,MI 48910|(517) 887-9380"
-84.61658,42.74071,"Rally's-Lansing,MI","4721 W Saginaw Hwy, Lansing,MI 48906|(517) 483-2578"
-84.54625,42.743761,"Rally's-Lansing,MI","505 E Oakland, Lansing,MI 48906|(517) 482-6464"
-84.250839,43.641323,"Rally's-Midland,MI","2020 Saginaw Road, Midland,MI 48640|(989) 631-4681"
-84.76746,43.587864,"Rally's-Mt Pleasant,MI","1501 S Mission St,Mt Pleasant,MI 48858|(989) 773-5404"
-83.975555,43.459402,"Rally's-Saginaw,MI","3588 Bay Road, Saginaw,MI 48603|(989) 399-1540"
-83.936352,43.432778,"Rally's-Saginaw,MI","420 E Genesee Ave, Saginaw,MI 48607|(989) 752-2257"
-83.967798,43.414842,"Rally's-Saginaw,MI","515 S Michigan, Saginaw,MI 48602|(989) 799-7748"
-84.225483,44.249192,"Rally's-West Branch,MI","2961 Cook Rd, West Branch,MI 48861|(989) 701-2601"
-90.369547,38.448413,"Rally's-Arnold,MO","#1 Fox Valley Center, Arnold,MO 63010|(636) 296-1263"
-90.419831,37.7862,"Rally's-Farmington,MO","605 N Washington, Farmington,MO 63640|(573) 701-0150"
-90.311226,38.802116,"Rally's-Florissant,MO","2182 N Hwy 67, Florissant,MO 63033|(314) 838-2254"
-89.667983,37.376933,"Rally's-Jackson,MO","113 West Jackson Blvd, Jackson,MO 63755|(573) 204-4529"
-90.258816,38.715879,"Rally's-Jennings,MO","6710 West Florissant, Jennings,MO 63136|(314) 389-8863"
-90.6989698,38.7940143,"Rally's-O'Fallon,MO","1307 Highwy K, O'Fallon,MO 63366|(636) 281-1527"
-90.700037,38.805499,"Rally's-O'Fallon,MO","506 South Main, O'Fallon,MO 63366|(636) 978-8968"
-89.581376,36.883972,"Rally's-Sikeston,MO","533 North Main St, Sikeston,MO 63801|(573) 481-2300"
-90.491947,38.782757,"Rally's-St Charles,MO","826 1st Capital Drive, St Charles,MO 63301|(636) 947-8588"
-90.254366,38.749698,"Rally's-St Louis,MO","10004 Halls Ferry Road, St Louis,MO 63136|(314) 867-0454"
-90.193445,38.616934,"Rally's-St Louis,MO","1015 S Broadway, St Louis,MO 63104|(314) 421-5070"
-90.38839,38.69139,"Rally's-St Louis,MO","10334 Page Avenue, St Louis,MO 63132|(314) 427-2445"
-90.223456,38.602784,"Rally's-St Louis,MO","2807 South Jefferson, St Louis,MO 63118|(314) 773-2066"
-90.240429,38.639535,"Rally's-St Louis,MO","305 N Vandeventer, St Louis,MO 63108|(314) 531-2336"
-90.235803,38.625823,"Rally's-St Louis,MO","3553 Chouteau, St Louis,MO 63103|(314) 773-4177"
-90.2174,38.66024,"Rally's-St Louis,MO","3605 N Grand, St Louis,MO 63107|(314) 531-8117"
-90.271138,38.686272,"Rally's-St Louis,MO","3730 Goodfellow, St Louis,MO 63120|(314) 382-4143"
-90.250062,38.675589,"Rally's-St Louis,MO","4949 Natural Bridge, St Louis,MO 63115|(314) 385-3181"
-90.343755,38.728663,"Rally's-St Louis,MO","9651 Natural Bridge Road, St Louis,MO 63134|(314) 890-9958"
-90.213958,32.286874,"Rally's-Jackson,MS","1805 Highway 80 West, Jackson,MS 39204|(601) 355-7641"
-90.271025,32.272497,"Rally's-Jackson,MS","2101 Raymond Rd, Jackson,MS 39212|(769) 251-1912"
-90.173189,32.35553,"Rally's-Jackson,MS","219 Northside Drive, Jackson,MS 39206|(601) 982-7337"
-90.194043,32.326879,"Rally's-Jackson,MS","318 Woodrow Wilson, Jackson,MS 39213|(601) 354-1020"
-90.1320686,32.4666582,"Rally's-Madison,MS","127 Grandview Blvd, Madison,MS 39110|(601) 898-7000"
-90.087689,32.28388,"Rally's-Pearl,MS","3105 US-80, Pearl,MS 39208|(601) 932-8874"
-115.12309,36.158482,"Rally's-Las Vegas,NV","1900 E Charleston Blvd, Las Vegas,NV 89104|(702) 462-9930"
-115.08407,36.12969,"Rally's-Las Vegas,NV","4175 E Desert Inn Rd, Las Vegas,NV 89121|(725) 206-5029"
-115.22519,36.10067,"Rally's-Las Vegas,NV","4855 South Jones Blvd, Las Vegas,NV 89103|(725) 204-1059"
-81.569964,41.06478,"Rally's-Akron,OH","1345 Vernon Odom Blvd, Akron,OH 44320|(330) 867-8744"
-81.510372,41.028861,"Rally's-Akron,OH","471 E Waterloo, Akron,OH 44319|(330) 724-5557"
-81.495147,41.076009,"Rally's-Akron,OH","711 East Market, Akron,OH 44305|(330) 434-4457"
-81.604806,41.017371,"Rally's-Barberton,OH","254 Wooster Road North, Barberton,OH 44203|(330) 753-4424"
-83.650515,41.386244,"Rally's-Bowling Green,OH","1005 N Main, Bowling Green,OH 43402|(419) 352-6168"
-81.8003,41.40365,"Rally's-Brook Park,OH","14911 Snow Road, Cleveland,OH 44142|(216) 267-4030"
-81.387673,40.831715,"Rally's-Canton,OH","3000 Cleveland Avenue, Canton,OH 44709|(330) 493-1218"
-82.974894,39.336842,"Rally's-Chillicothe,OH","133 N Bridge Street, Chillicothe,OH 45601|(740) 773-9415"
-84.56334,39.276974,"Rally's-Cincinnati,OH","10946 Hamilton Avenue, Cincinnati,OH 45231|(513) 851-7541"
-84.43683,39.26958,"Rally's-Cincinnati,OH","2319 E Sharon Rd, Cinncinnati,OH 45241|(513) 407-6268"
-84.496999,39.133331,"Rally's-Cincinnati,OH","3010 Reading Road, Cincinnati,OH 45206|(513) 281-2414"
-84.581986,39.114303,"Rally's-Cincinnati,OH","4115 Glenway Avenue #1, Cincinnati,OH 45205|(513) 471-5248"
-84.51315,39.16687,"Rally's-Cincinnati,OH","4810 Spring Grove Avenue, Cincinnati,OH 45232|(513) 681-1506"
-84.404589,39.161433,"Rally's-Cincinnati,OH","5225 Madison Rd, Cincinnati,OH 45227|(513) 271-4777"
-81.616188,41.538462,"Rally's-Cleveland,OH","10430 St Clair, Cleveland,OH 44108|(216) 451-2525"
-81.602752,41.481019,"Rally's-Cleveland,OH","11607 Buckeye Rd, Cleveland,OH 44120|(216) 229-1822"
-81.6032,41.52323,"Rally's-Cleveland,OH","11701 Superior Ave, Cleveland,OH 44106|(216) 721-3117"
-81.583509,41.464362,"Rally's-Cleveland,OH","14110 Kinsman Ave, Cleveland,OH 44120|(216) 561-3197"
-81.581719,41.530711,"Rally's-Cleveland,OH","14421 Euclid Ave, Cleveland,OH 44112|(216) 851-7009"
-81.768751,41.480968,"Rally's-Cleveland,OH","1481 West 117th Street, Cleveland,OH 44107|(216) 221-5111"
-81.651608,41.488276,"Rally's-Cleveland,OH","2585 E 55th Street, Cleveland,OH 44104|(216) 881-4405"
-81.666144,41.500011,"Rally's-Cleveland,OH","3040 Carnegie Ave, Cleveland,OH 44115|(216) 361-1738"
-81.70769,41.46991,"Rally's-Cleveland,OH","3502 Clark Ave, Cleveland,OH 44113|(216) 961-6145"
-81.80144,41.450712,"Rally's-Cleveland,OH","3806 West 150th Street, Cleveland,OH 44111|(216) 252-1422"
-81.564845,41.446629,"Rally's-Cleveland,OH","4154 Lee Road, Cleveland,OH 44128|(216) 752-0005"
-81.64533,41.46212,"Rally's-Cleveland,OH","6430 Broadway Ave, Cleveland,OH 44105|(216) 441-0355"
-83.03418,39.946187,"Rally's-Columbus,OH","1340 West Mound Street, Columbus,OH 43223|(614) 228-8258"
-82.983776,39.933446,"Rally's-Columbus,OH","1454 Parsons Avenue, Columbus,OH 43207|(614) 443-0471"
-82.945621,39.948493,"Rally's-Columbus,OH","1940 East Livingston Avenue, Columbus,OH 43209|(614) 253-2518"
-82.963729,40.060516,"Rally's-Columbus,OH","2110 Morse Rd, Columbus,OH 43229|(380) 997-8375"
-83.011328,40.014405,"Rally's-Columbus,OH","2556 North High Street, Columbus,OH 43202|(614) 261-0121"
-82.963897,40.0328,"Rally's-Columbus,OH","3187 Cleveland Avenue, Columbus,OH 43224|(614) 447-8824"
-82.914277,39.971951,"Rally's-Columbus,OH","3260 E Broad Street, Columbus,OH 43209|(614) 338-8835"
-82.975351,40.08633,"Rally's-Columbus,OH","5895 Karl Road, Columbus,OH 43229|(614) 431-8168"
-82.833561,39.954758,"Rally's-Columbus,OH","6101 East Main Street, Columbus,OH 43213|(614) 759-6460"
-83.112464,39.938649,"Rally's-Columbus,OH","700 Georgesville Road, Columbus,OH 43228|(614) 272-0265"
-84.139076,39.752293,"Rally's-Dayton,OH","1111 South Smithville Road, Dayton,OH 45403|(937) 256-4293"
-84.253357,39.761669,"Rally's-Dayton,OH","1205 North Gettysburg, Dayton,OH 45417|(937) 263-9307"
-84.253221,39.799933,"Rally's-Dayton,OH","3955 Salem Avenue, Dayton,OH 45406|(937) 275-9330"
-84.209481,39.766992,"Rally's-Dayton,OH","438 Salem Avenue, Dayton,OH 45406|(937) 276-4926"
-84.22185,39.672795,"Rally's-Dayton,OH","5800 Springboro Pike, Dayton,OH 45449|(937) 435-1165"
-81.44595,41.64279,"Rally's-Eastlake,OH","34001 Vine St, Eastlake,OH 44095|(440) 525-5511"
-82.077237,41.377427,"Rally's-Elyria,OH","711 Cleveland Street, Elyria,OH 44035|(440) 366-6019"
-83.104065,41.344922,"Rally's-Fremont,OH","609 E State, Fremont,OH 43420|(419) 334-7901"
-83.054878,39.878274,"Rally's-Grove City,OH","1939 Stringtown Road, Grove City,OH 43123|(614) 875-2110"
-84.549682,39.378542,"Rally's-Hamilton,OH","1796 South Erie Blvd, Hamilton,OH 45011|(513) 867-1260"
-82.609007,39.725432,"Rally's-Lancaster,OH","1028 North Memorial Drive, Lancaster,OH 43130|(740) 687-0619"
-81.536722,41.4124,"Rally's-Maple Heights,OH","5501 Warrensville Center Rd, Maple Heights,OH 44137|(440) 589-8136"
-83.12929,40.595429,"Rally's-Marion,OH","412 N Main Street, Marion,OH 43302|(740) 375-0066"
-84.38906,39.526174,"Rally's-Middletown,OH","2115 North Verity Parkway, Middletown,OH 45042|(513) 424-6972"
-84.282231,39.175598,"Rally's-Milford,OH","801 Lila Avenue, Milford,OH 45150|(513) 248-8873"
-82.428557,40.074553,"Rally's-Newark,OH","946 North 21st Street, Newark,OH 43055|(740) 366-1691"
-83.503039,41.627279,"Rally's-Oregon,OH","1927 Woodville Road, Oregon,OH 43616|(419) 697-0060"
-81.727933,41.418683,"Rally's-Parma,OH","6201 Brookpark Road, Parma,OH 44129|(216) 351-8884"
-84.249097,40.146712,"Rally's-Piqua,OH","118 N College Road, Piqua,OH 45356|(937) 778-0658"
-82.972544,38.738788,"Rally's-Portsmouth,OH","1111 Monroe, Portsmouth,OH 45662|(740) 353-5281"
-84.441558,39.221891,"Rally's-Reading,OH","8852 Reading Road, Reading,OH 45215|(513) 821-2338"
-81.536267,41.520682,"Rally's-South Euclid,OH","4000 Mayfield Road, South Euclid,OH 44121|(216) 691-1077"
-83.854871,39.943218,"Rally's-Springfield,OH","1099 Upper Valley Pike, Springfield,OH 45504|(937) 323-5111"
-83.804268,39.949959,"Rally's-Springfield,OH","2000 North Limestone, Springfield,OH 45503|(937) 342-1505"
-83.811225,39.897553,"Rally's-Springfield,OH","2122 South Limestone, Springfield,OH 45505|(937) 323-2388"
-83.771502,39.923388,"Rally's-Springfield,OH","2510 East Main Street, Springfield,OH 45503|(937) 325-7066"
-83.568635,41.663682,"Rally's-Toledo,OH","1035 West Bancroft Street, Toledo,OH 43606|(419) 242-5544"
-83.582765,41.706851,"Rally's-Toledo,OH","1647 Laskey Road, Toledo,OH 43612|(419) 476-7293"
-83.549661,41.677913,"Rally's-Toledo,OH","3033 Cherry Street, Toledo,OH 43608|(419) 242-7443"
-83.626341,41.624158,"Rally's-Toledo,OH","3509 Airport Highway, Toledo,OH 43609|(419) 382-2662"
-83.681992,41.676323,"Rally's-Toledo,OH","5855 West Central Avenue, Toledo,OH 43615|(419) 535-7476"
-80.811258,41.234448,"Rally's-Warren,OH","519 South St, Warren,OH 44483|(330) 469-6107"
-82.877099,39.958269,"Rally's-Whitehall,OH","837 S Hamilton Rd, Whitehall,OH 43213|(614) 256-8204"
-80.664979,41.141227,"Rally's-Youngstown,OH","3219 Belmont Ave, Youngstown,OH 44505|(234) 254-8058"
-82.015969,39.977792,"Rally's-Zanesville,OH","3050 Maple Avenue, Zanesville,OH 43701|(740) 452-0693"
-79.825423,40.467987,"Rally's-Pittsburgh,PA","11749 Frankstown Rd, Pittsburgh,PA 15235|(412) 241-1099"
-76.384979,37.042564,"Rally's-Hampton,VA","1064 W Mercury Blvd, Hampton,VA 23666|(757) 262-0883"
-76.423998,37.029715,"Rally's-Hampton,VA","4022 West Mercury Blvd, Hampton,VA 23666|(757) 262-0006"
-76.535599,37.129846,"Rally's-Newport News,VA","410 Denbigh Blvd, Newport News,VA 23602|(757) 874-1888"
-76.28672,36.860718,"Rally's-Norfolk,VA","1208 Monticello Ave, Norfolk,VA 23510|(757) 446-7033"
-76.2346975,36.91656,"Rally's-Norfolk,VA","1366 East Little Creek Rd, Norfolk,VA 23518|(757) 431-7333"
-76.232545,36.870328,"Rally's-Norfolk,VA","2300 Azalea Garden Rd, Norfolk,VA 23513|(757) 852-3779"
-76.339822,36.829833,"Rally's-Portsmouth,VA","1101 Frederick Blvd, Portsmouth,VA 23707|(757) 397-1185"
-76.58276,36.750842,"Rally's-Suffolk,VA","1528 North Main St, Suffolk,VA 23434|(757) 922-7055"
-76.15723,36.84545,"Rally's-Virginia Beach,VA","5101 Virginia Beach Blvd, Virginia Beach,VA 23462|(757) 326-6224"
-81.665885,38.36855,"Rally's-Charleston,WV","1667 3rd Ave, Charleston,WV 25312|(304) 345-2808"
-82.383625,38.427138,"Rally's-Huntington,WV","610 5th Ave, Huntington,WV 25702|(304) 525-5889"
