-86.827425,33.21256,"Zaxby's-Alabaster,AL","9134 Hwy 119, Alabaster,AL 35007, (205) 663-5966"
-85.956585,32.920102,"Zaxby's-Alexander City,AL","4497 Hwy 280, Alexander City,AL 35010, (256) 234-2181"
-86.4970357,31.3159154,"Zaxby's-Andalusa,AL","1000 River Falls St, Andalusia,AL 36420, (334) 582-8484"
-85.823149,33.685964,"Zaxby's-Anniston,AL","3234 Mcclellan Blvd, Anniston,AL 36201, (256) 237-3132"
-86.971674,34.802866,"Zaxby's-Athens,AL","221 French Farms Blvd, Athens,AL 35611, (256) 233-0098"
-85.49925,32.5736,"Zaxby's-Auburn,AL","1659 S College Street, Auburn,AL 36830, (334) 501-9881"
-85.450072,32.626599,"Zaxby's-Auburn,AL","2075 East University Dr, Auburn,AL 36830, (334) 501-0852"
-86.994125,33.330876,"Zaxby's-Bessemer,AL","4815 Bell Hill Road, Bessemer,AL 35022, (205) 426-1866"
-86.999558,33.364316,"Zaxby's-Bessemer,AL","804 Academy Dr, Bessemer,AL 35022, (205) 426-2797"
-86.665362,33.409539,"Zaxby's-Birmingham,AL","110 Doug Baker Blvd, Birmingham,AL 35242, (205) 981-4536"
-86.819733,33.468043,"Zaxby's-Birmingham,AL","282 Palisades Blvd, Birmingham,AL 35209, (205) 423-0523"
-86.645832,33.597755,"Zaxby's-Birmingham,AL","3270 Morrow Rd, Birmingham,AL 35235, (205) 661-0673"
-86.708679,33.429133,"Zaxby's-Birmingham,AL","4629 Highway 280 South, Birmingham,AL 35242, (205) 995-1055"
-86.627178,33.643599,"Zaxby's-Birmingham,AL","5881 Trussville Crossings Blvd, Birmingham,AL 35235, (205) 655-2220"
-86.157947,34.217679,"Zaxby's-Boaz,AL","2221 Highway 431, Boaz,AL 35957, (256) 593-8220"
-86.746834,33.14674,"Zaxby's-Calera,AL","102 Limestone Parkway, Calera,AL 35040, (205) 668-9886"
-86.605853,32.816555,"Zaxby's-Clanton,AL","1490 7th St S, Clanton,AL 35045, (205) 755-6227"
-86.8707982,34.2066716,"Zaxby's-Cullman,AL","5751 Al Hwy 157, Cullman,AL 35058, (256) 841-6701"
-86.834812,34.151363,"Zaxby's-Cullman,AL","622 Olive Street Sw, Cullman,AL 35055, (256) 739-9400"
-87.912859,30.648479,"Zaxby's-Daphne,AL","29053 Hwy 98, Daphne,AL 36526, (251) 621-0400"
-87.879056,30.62336,"Zaxby's-Daphne,AL","29680 Urgent Care Drive, Daphne,AL 36526, (251) 626-0415"
-86.999932,34.557408,"Zaxby's-Decatur,AL","2830 Spring Ave, Decatur,AL 35603, (256) 353-4771"
-86.9823016,34.6018092,"Zaxby's-Decatur,AL","410 Grant St SE, Decatur,AL 35601, (256) 301-3185"
-85.401443,31.180577,"Zaxby's-Dothan,AL","3205 S Oates St, Dothan,AL 36301, (334) 446-6480"
-85.4360054,31.2594415,"Zaxby's-Dothan,AL","3801 Montgomery Hwy, Dothan,AL 36303, (334) 699-7000"
-85.450508,31.235063,"Zaxby's-Dothan,AL","3850 W  Main Street, Dothan,AL 36305, (334) 678-1302"
-85.83071,31.319122,"Zaxby's-Enterprise,AL","623 Boll Weevil Circle, Enterprise,AL 36330, (334) 475-4149"
-85.1672789,31.8427093,"Zaxby's-Eufaula,AL","3188 South Eufaula Ave, Eufaula,AL 36027, (334) 616-6220"
-86.9626249,31.4554178,"Zaxby's-Evergreen,AL","69 Liberty Hill Pl, Evergreen,AL 36401, (251) 578-1628"
-87.689308,34.843087,"Zaxby's-Florence,AL","2725 Cloverdale Rd, Florence,AL 35633, (256) 349-5268"
-87.636006,34.839931,"Zaxby's-Florence,AL","366 Cox Creek Pkwy, Florence,AL 35630, (256) 765-0054"
-87.68314,30.399211,"Zaxby's-Foley,AL","707 S Mckenzie Street, Foley,AL 36535, (251) 943-0400"
-85.7083,34.4266,"Zaxby's-Fort Payne,AL","1050 Glenn Blvd Sw [No Mail], Fort Payne,AL 35967, (256) 845-1116"
-86.802335,33.609681,"Zaxby's-Fultondale,AL","1725 Morris Ave, Fultondale,AL 35068, (205) 849-3800"
-86.005493,33.983401,"Zaxby's-Gadsden,AL","1510 Rainbow Drive, Gadsden,AL 35901, (256) 546-3323"
-86.825214,33.647927,"Zaxby's-Gardendale,AL","885 Odum Rd, Gardendale,AL 35071, (205) 631-0819"
-86.63931,31.845903,"Zaxby's-Greenville,AL","900 Fort Dale Rd, Greenville,AL 36037, (334) 382-1676"
-87.6878607,30.2706224,"Zaxby's-Gulf Shores,AL","1800 Gulf Shores Pkwy, Gulf Shores,AL 36542, (251) 948-0400"
-86.312,34.3485,"Zaxby's-Guntersville,AL","11456 Hwy 431 North, Guntersville,AL 35976, (256) 891-7728"
-86.943427,34.443639,"Zaxby's-Hartsell,AL","351 Hwy 31 NW, Hartselle,AL 35640, (256) 502-4006"
-86.5718633,34.9418805,"Zaxby's-Hazel Green,AL","14605 US 431, Hazel Green,AL 35750, (256) 828-7186"
-86.853304,33.281138,"Zaxby's-Helena,AL","30 Coalmont Rd, Helena,AL 35080, (205) 663-0011"
-86.740843,33.383188,"Zaxby's-Hoover,AL","2636 Valleydale Road, Hoover,AL 35244, (205) 437-9701"
-86.818952,33.372891,"Zaxby's-Hoover,AL","2735 John Hawkins Pkwy, Hoover,AL 35244, (205) 987-2022"
-86.968342,33.454213,"Zaxby's-Hueytown,AL","2880 Allison Bonnett Memorial Drive, Hueytown,AL 35023, (205) 744-9495"
-86.5759,34.7265,"Zaxby's-Huntsville,AL","1025 N Memorial Pkwy Ne, Huntsville,AL 35801, (256) 551-0122"
-86.567466,34.616628,"Zaxby's-Huntsville,AL","11608 S Memorial Pkwy, Huntsville,AL 35803, (256) 883-7373"
-86.4911456,34.8179389,"Zaxby's-Huntsville,AL","2181 Winchester Rd NE, Huntsville,FL 34654, (256) 858-9306"
-86.541629,34.675205,"Zaxby's-Huntsville,AL","2770 Carl T Jones Pkwy, Huntsville,AL 35802, (256) 882-1822"
-86.674882,34.743313,"Zaxby's-Huntsville,AL","6125 University Drive, Huntsville,AL 35806, (256) 971-2770"
-86.724199,33.524952,"Zaxby's-Irondale,AL","1548 Montclair Road, Irondale,AL 35210, (205) 951-9788"
-87.24156,33.79156,"Zaxby's-Jasper,AL","106 Carl Cannon Blvd, Jasper,AL 35501, (205) 295-5024"
-87.2053,33.885,"Zaxby's-Jasper,AL","1204 Us Hwy 78 East, Jasper,AL 35504, (205) 221-0880"
-86.752067,34.678636,"Zaxby's-Madison,AL","100 Ivory Place, Madison,AL 35758, (256) 461-0026"
-86.773268,34.747834,"Zaxby's-Madison,AL","8586 US Hwy 72 West, Madison,AL 35758, (256) 722-5565"
-86.3697,32.4903,"Zaxby's-Millbrook,AL","55 Kelley Blvd, Millbrook,AL 36054, (334) 285-6933"
-88.125552,30.703937,"Zaxby's-Mobile,AL","3444 Spring Hill Ave, Mobile,AL 36608, (251) 343-6438"
-88.166132,30.597239,"Zaxby's-Mobile,AL","4385 Range Line Rd, Mobile,AL 36619, (251) 660-6755"
-88.1924808,30.6401852,"Zaxby's-Mobile,AL","6500 Cottage Hill Rd, Mobile,AL 36695, (251) 660-7704"
-88.1943456,30.6798443,"Zaxby's-Mobile,AL","6551 Airport Blvd, Mobile,AL 36608, (251) 633-5612"
-88.225659,30.670891,"Zaxby's-Mobile,AL","950 Schillinger Rd, Mobile,AL 36695, (251) 607-7645"
-86.268787,32.364746,"Zaxby's-Montgomery,AL","2675 Zelda Road, Montgomery,AL 36106, (334) 293-9933"
-86.225342,32.340566,"Zaxby's-Montgomery,AL","2923 Eastern Blvd, Montgomery,AL 36116, (334) 420-3500"
-86.179527,32.336499,"Zaxby's-Montgomery,AL","3130 Taylor Rd, Montgomery,AL 36117, (334) 481-0406"
-86.2417652,32.3819064,"Zaxby's-Montgomery,AL","4030 Atlanta Hwy, Montgomery,AL 36109, (334) 273-0018"
-86.184313,32.382637,"Zaxby's-Montgomery,AL","6435 Atlanta Hwy, Montgomery,AL 36117, (334) 277-8066"
-86.5199418,33.5706756,"Zaxby's-Moody,AL","2125 Moody Parkway, Moody,AL 35004, (205) 640-0140"
-87.64537,34.744451,"Zaxby's-Muscle Shoals,AL","2017 East Avalon Avenue, Muscle Shoals,AL 35661, (256) 381-1717"
-87.554166,33.23603,"Zaxby's-Northport,AL","21 Mcfarland Boulevard, Northport,AL 35476, (205) 759-3214"
-87.609573,33.236211,"Zaxby's-Northport,AL","5420 Mcfarland Blvd, Northport,AL 35476, (205) 339-4716"
-86.4649956,33.9563124,"Zaxby's-Oneonta,AL","994 2nd Ave E, Oneonta,AL 35121, (205) 274-4044"
-87.5885,33.2301,"Zaxby's-Opelika,AL","2089 Frederick Road, Opelika,AL 36801, (334) 749-9733"
-85.790499,33.612275,"Zaxby's-Oxford,AL","91 Colonial Dr, Oxford,AL 36203, (256) 832-4771"
-85.6503461,31.442863,"Zaxby's-Ozark,AL","1622 Hwy 231, Ozark,AL 36360, (334) 443-0208"
-86.809587,33.27088,"Zaxby's-Pelham,AL","3437 Pelham Parkway, Pelham,AL 35124, (205) 663-4100"
-86.276029,33.608106,"Zaxby's-Pell City,AL","280 Vaughn Lane, Pell City,AL 35125, (205) 338-4822"
-85.044222,32.499236,"Zaxby's-Phenix City,AL","3722 South Railroad Street, Phenix City,AL 36870, (334) 448-2650"
-85.0911666,32.470129,"Zaxby's-Phenix City,AL","3908 Us Highway 80 W, Phenix City,AL 36870, (334) 384-0500"
-86.423531,32.460363,"Zaxby's-Prattville,AL","1750 E Main St, Prattville,AL 36066, (334) 358-8880"
-87.7084225,30.5329867,"Zaxby's-Robertsdale,AL","21141 State Hwy 59, Robertsdale,AL 36567, (251) 947-4140"
-88.109478,30.804467,"Zaxby's-Saraland,AL","57 Shell St, Saraland,AL 36571, (251) 408-9764  "
-86.009961,34.668526,"Zaxby's-Scottsboro,AL","24729 John T Reed Pkwy, Scottsboro,AL 35768, (256) 218-3135"
-87.031908,32.431233,"Zaxby's-Selma,AL","618 Highland Avenue, Selma,AL 36701, (334) 872-6531"
-86.4300234,33.7789766,"Zaxby's-Springville,AL","35 Springville Station, Springville,AL 35146, (205) 629-3182"
-86.284406,33.172117,"Zaxby's-Sylacauga,AL","41350 Us Highway 280, Sylacauga,AL 35150, (256) 249-3338"
-86.0898147,33.4367877,"Zaxby's-Talladega,AL","722 Battle St E, Talladega,AL 35160, (256) 268-7166"
-85.9461,31.8331,"Zaxby's-Troy,AL","101 Emma Dr, Troy,AL 36081, (334) 670-0470"
-87.549418,33.166239,"Zaxby's-Tuscaloosa,AL","4383 Courtney Drive, Tuscaloosa,AL 35405, (205) 345-7815"
-85.203364,32.817711,"Zaxby's-Valley,AL","507 Fob James Drive, Valley,AL 36854, (334) 756-5600"
-86.790291,33.428735,"Zaxby's-Vestavia Hills,AL","1304 Montgomery Highway, Vestavia Hills,AL 35216, (205) 978-2360"
-86.7302303,33.4620582,"Zaxby's-Vestavia Hills,AL","3201 Bearden Court, Vestavia Hills,AL 35243, (205) 968-1519"
-86.2133874,32.5108751,"Zaxby's-Wetumpka,AL","4790 Us Hwy 231, Wetumpka,AL 36123, (334) 567-1131"
-92.5326705,34.6066111,"Zaxby's-Benton,AR","20680 I-30 North, Benton,AR 72019, (501) 794-2220"
-94.197669,36.336089,"Zaxby's-Bentonville,AR","3510 Se J Street, Bentonville,AR 72712, (479) 254-9565"
-92.087179,35.857839,"Zaxby's-Blytheville,AR","3704 E Main St, Blytheville,AR 72315, (870) 762-1600"
-83.667753,41.66231,"Zaxby's-Bryant,AR","2207 North Reynolds Road, Bryant,AR 72022, (501) 847-3800"
-80.09818,37.286231,"Zaxby's-Cabot,AR","2215 West Main St, Cabot,AR 72023, (501) 941-2601"
-92.4939,35.071378,"Zaxby's-Conway,AR","3800 Dave Ward Dr, Conway,AR 72034, (501) 329-5000"
-95.254282,38.973174,"Zaxby's-Fayetteville,AR","1670 W 6Th Street, Fayetteville,AR 72701, (479) 575-9171"
-93.076202,34.452213,"Zaxby's-Hot Springs,AR","4400 Central Avenue, Hot Springs,AR 71913, (501) 525-4144"
-93.994297,32.148191,"Zaxby's-Jacksonville,AR","209 Marshall Road, Jacksonville,AR 72076, (501) 241-0546"
-90.669279,35.813522,"Zaxby's-Jonesboro,AR","2625 Stadium Blvd, Jonesboro,AR 72401, (870) 972-8220"
-92.39247,34.7427,"Zaxby's-Little Rock,AR","10601 Kanis Rd, Little Rock,AR 72211, (501) 313-5268"
-90.208952,35.210972,"Zaxby's-Marion,AR","306 Bancario Road, Marion,AR 72364, (870) 739-4888"
-92.404356,34.855037,"Zaxby's-Maumelle,AR","104 Carnahan Drive, Maumelle,AR 72113, (501) 851-9777"
-90.528657,36.05993,"Zaxby's-Paragould,AR","2907 W Kings Hwy, Paragould,AR 72450, (870) 236-7575"
-93.103884,35.278383,"Zaxby's-Russellville,AR","2605 E Main St, Russellville,AR 72802, (479) 219-5444"
-91.714202,35.240465,"Zaxby's-Searcy,AR","1303 E Beebe Capps Expy, Searcy,AR 72143, (501) 305-3918"
-92.190526,34.830442,"Zaxby's-Sherwood,AR","208 Brookswood Road, Sherwood,AR 72120, (501) 833-9777"
-94.514572,36.176551,"Zaxby's-Siloam Springs,AR","190 North Progress Avenue, Siloam Springs,AR 72761, (479) 238-1305"
-94.138723,36.181699,"Zaxby's-Springdale,AR","400 S Thompson St, Springdale,AR 72764, (479) 750-3740"
-94.356312,35.469591,"Zaxby's-Van Buren,AR","2221 Fayetteville Road, Van Buren,AR 72956, (479) 474-8020"
-82.5164679,29.8020867,"Zaxby's-Alachua,FL","16088 Nw Us Hwy 441, Alachua,FL 32615, (386) 462-2222"
-81.491816,28.672601,"Zaxby's-Apopka,FL","928 Semoran Blvd, Apopka,FL 32703, (407) 583-4528  "
-81.842756,27.899945,"Zaxby's-Bartow,FL","590 North Broadway Avenue, Bartow,FL 33830, (863) 533-3600"
-82.0705868,29.0692113,"Zaxby's-Belleview,FL","10560 Se Hwy 441, Belleview,FL 34420, (352) 307-8633"
-82.575682,27.452673,"Zaxby's-Bradenton,FL","5020 14th St W, Bradenton,FL 34201, 941) 254-4257"
-82.48503,27.44593,"Zaxby's-Bradenton,FL","6591 E SR 70, Bradenton,FL 34203, (941) 242-9947"
-82.232688,28.523614,"Zaxby's-Brooksville,FL","31015 Cortez Blvd, Brooksville,FL 34602, (352) 345-4458  "
-82.39947,28.547153,"Zaxby's-Brooksville,FL","837 S Broad St, Brooksville,FL 34601, (352) 777-4633"
-81.791608,30.589036,"Zaxby's-Callahan,FL","450027 SR 200, Callahan,FL 32011, (904) 320-5931"
-85.591292,30.1499971,"Zaxby's-Callaway,FL","217 N Tyndall Pkwy, Callaway,FL 32404, (850) 640-0306"
-81.7164972,28.546895,"Zaxby's-Clermont,FL","2080 E Hwy 50, Clermont,FL 34711, (352) 557-8056"
-84.3658396,30.2088176,"Zaxby's-Crawfordville,FL","97 Preston Circle, Crawfordville,FL 32327, (850) 745-6273"
-86.568916,30.719194,"Zaxby's-Crestview,FL","4285 South Ferdon Blvd, Crestview,FL 32536, (850) 398-8695"
-86.122958,30.685603,"Zaxby's-Defuniak Springs,FL","2760 Us Hwy 331 S, Defuniak Springs,FL 32435, (850) 520-4562  "
-81.3043779,29.0605469,"Zaxby's-Deland,FL","1693 N Woodland Blvd, Deland,FL 32720, (386) 943-8166"
-81.45579,30.641817,"Zaxby's-Fernandina Beach,FL","1905 South 14th Street, Fernandina Beach,FL 32034, (904) 277-7171"
-81.8718633,26.569811,"Zaxby's-Fort Myers,FL","11791 South Cleveland Ave, Fort Myers,FL 33907, (239) 208-2128"
-81.7847366,26.4860611,"Zaxby's-Fort Myers,FL","17500 Ben Hill Griffin Pkwy, Fort Myers,FL 33913 (239) 415-1688"
-86.608531,30.418041,"Zaxby's-Fort Walton Beach,FL","106 Eglin Parkway Ne, Fort Walton Beach,FL 32548, (850) 362-6575"
-82.325085,29.660811,"Zaxby's-Gainesville,FL","# 1 Northwest 10th Avenue, Gainesville,FL 32601, (352) 377-8889"
-82.425,29.6822,"Zaxby's-Gainesville,FL","2424 Nw 43Rd Street, Gainesville,FL 32608, (352) 376-8700"
-82.378993,29.621485,"Zaxby's-Gainesville,FL","3710 Sw Archer Road, Gainesville,FL 32608, (352) 338-0555"
-82.3507463,27.8469592,"Zaxby's-Gibsonton,FL","10580 New East Bay Rd, Gibsonton,FL 33534, (813) 280-9175"
-80.135607,26.61865,"Zaxby's-Greenacres,FL","5880 Lake Worth Rd, Greenacres,FL 33463, (561) 323-3449"
-87.062305,30.38812,"Zaxby's-Gulf Breeze,FL","1451 Tiger Park Lane, Gulf Breeze,FL 32563, (850) 932-7289"
-81.640425,28.118917,"Zaxby's-Haines City,FL","35696 Hwy 27 South, Haines City,FL 33844, (863) 547-6999"
-81.63234,30.1462,"Zaxby's-Jacksonville,FL","12301 San Jose Blvd, Jacksonville,FL 32223, (904) 260-9550"
-81.654213,30.482787,"Zaxby's-Jacksonville,FL","1372 Airport Rd, Jacksonville,FL 32218, (904) 741-1808"
-81.449614,30.287563,"Zaxby's-Jacksonville,FL","13972 Beach Blvd, Jacksonville,FL 32224, (904) 821-4211"
-81.546069,30.139111,"Zaxby's-Jacksonville,FL","13973 Village Lake Circle, Jacksonville,FL 32258, (904) 527-8173"
-81.608495,30.38077,"Zaxby's-Jacksonville,FL","4210 University Blvd, Jacksonville,FL 32207, (904) 683-5995"
-81.535969,30.25262,"Zaxby's-Jacksonville,FL","4875 Gate Parkway, Jacksonville,FL 32246, (904) 641-3150"
-81.697748,30.233647,"Zaxby's-Jacksonville,FL","6351 Roosevelt Blvd, Jacksonville,FL 32244, (904) 778-2007"
-81.7581745,30.3358436,"Zaxby's-Jacksonville,FL","6707 Commonwealth Ave, Jacksonville,FL 32254, (904) 671-0086"
-81.595252,30.244737,"Zaxby's-Jacksonville,FL","7122 Bonneval Rd, Jacksonville,FL 32256, (904) 470-4100"
-81.54979,30.326378,"Zaxby's-Jacksonville,FL","9569 Regency Square Blvd, Jacksonville,FL 32225, (904) 720-0443"
-81.617515,30.202808,"Zaxby's-Jacksonville,FL","9612 San Jose Boulevard, Jacksonville,FL 32257, (904) 379-3037"
-81.831306,30.196352,"Zaxby's-Jacksonville,FL","9710 Applecross Rd, Jacksonville,FL 32222, (904) 778-3013"
-80.280471,27.25682,"Zaxby's-Jensen Beach,FL","4200 NW Federal Hwy, Jensen Beach,FL 34957, (772) 444-3961"
-81.415713,28.310132,"Zaxby's-Kissimmee,FL","1885 N John Young Parkway, Kissimmee,FL 34741, (407) 932-1843"
-82.674694,30.179344,"Zaxby's-Lake City,FL","2640 Us Hwy 90 West, Lake City,FL 32055, (386) 755-6770"
-81.97401,28.100602,"Zaxby's-Lakeland,FL","4510 Us Hwy 98 North, Lakeland,FL 33809, (863) 816-9900"
-82.7576,27.89492,"Zaxby's-Largo,FL","8585 Ulmerton Rd, Largo,FL 33771, (727) 266-4242"
-82.966396,30.325282,"Zaxby's-Live Oak,FL","6861 Highway 129, Live Oak,FL 32060, (386) 330-2063"
-82.39496,28.19029,"Zaxby's-Lutz,FL","2153 Sun Vista Dr, Lutz,FL 33544, (813) 528-8550"
-85.649558,30.224425,"Zaxby's-Lynn Haven,FL","2300 South Hwy 77, Lynn Haven,FL 32444, (850) 271-5550"
-82.123058,30.261463,"Zaxby's-Macclenny,FL","1500 S 6Th Street, Macclenny,FL 32063, (904) 259-5108"
-85.243349,30.780731,"Zaxby's-Marianna,FL","4235 Lafayette St, Marianna,FL 32446, (850) 482-0069"
-80.697922,28.078754,"Zaxby's-Melbourne,FL","4325 W New Haven Ave, Melbourne,FL 32904, (321) 327-3621"
-80.6726973,28.2149539,"Zaxby's-Melbourne,FL","6355 N Wickham Rd, Melbourne,FL 32940, (321) 425-4265"
-81.8662491,30.0701771,"Zaxby's-Middleburg,FL","2524 Blanding Blve, Middleburg,FL 32068, (904) 512-1100"
-81.9737,27.90314,"Zaxby's-Mulberry,FL","6747 N Church Avenue, Mulberry,FL 33860, (863) 619-7200"
-82.6300376,28.2754658,"Zaxby's-New Port Richey,FL","11300 Ridge Rd, New Port Richey,FL 34475, (727) 264-6768"
-86.464468,30.515958,"Zaxby's-Niceville,FL","1160 John Sims Pkwy E, Niceville,FL 32578, (850) 842-2490"
-82.154742,29.025944,"Zaxby's-Ocala,FL","13451 Sw 17Th Ct, Ocala,FL 34473, (352) 347-5775"
-82.161223,29.186437,"Zaxby's-Ocala,FL","2175 E Silver Springs Blvd, Ocala,FL 34471, (352) 351-2251"
-82.169056,29.158986,"Zaxby's-Ocala,FL","2900 Sw 27Th Ave, Ocala,FL 34474, (352) 861-9234"
-82.0953731,29.1643439,"Zaxby's-Ocala,FL","3019 SE Maricamp Rd, Ocala,FL 34471, (352) 789-6946"
-82.177649,29.186408,"Zaxby's-Ocala,FL","3351 West Silver Springs Boulevard, Ocala,FL 34475, (352) 789-6001"
-82.1472839,29.2222588,"Zaxby's-Ocala,FL","3400 N Pine Ave, Ocala,FL 32810, (352) 877-7900"
-82.2191091,29.1168265,"Zaxby's-Ocala,FL","6033 Sw Highway 200, Ocala,FL 34476, (352) 351-1541"
-81.5072029,28.552005,"Zaxby's-Ocoee,FL","8895 W Colonial Dr, Ocoee,FL 34761, (407) 292-3605"
-80.820543,27.243395,"Zaxby's-Okeechobee,FL","912 NE Park St, Okeechobee,FL 34974, (863) 357-1466"
-81.286347,28.911337,"Zaxby's-Orange City,FL","949 Saxon Blvd, Orange City,FL 32763, (386) 775-0999"
-81.709352,30.102081,"Zaxby's-Orange Park,FL","1525 County Road 220, Orange Park,FL 32003, (904) 269-2911"
-81.747858,30.165046,"Zaxby's-Orange Park,FL","390 Blanding Blvd, Orange Park,FL 32073, (904) 298-2728"
-81.219349,28.597561,"Zaxby's-Orlando,FL","11554 University Boulevard, Orlando,FL 32817, (407) 674-7936"
-81.1319733,28.5620575,"Zaxby's-Orlando,FL","16783 East Colonial Dr, Orlando,FL 32820, (407) 568-9221"
-81.428561,28.491116,"Zaxby's-Orlando,FL","4067 Millenia Blvd, Orlando,FL 32839, (407) 363-1903"
-81.4147817,28.6171893,"Zaxby's-Orlando,FL","6625 Forest City Rd, Orlando,FL 34609, (407) 299-8554"
-81.397467,28.464249,"Zaxby's-Orlando,FL","6920 S Orange Blossom Trail, Orlando,FL 32809, (407) 545-3130  "
-81.272186,28.461691,"Zaxby's-Orlando,FL","7061 Narcoossee Rd, Orlando,FL 32822, (407) 273-6330"
-81.10727,29.2642,"Zaxby's-Ormond Beach,FL","1287 W Granada Blvd, Ormond Beach,FL 32174, (386) 238-9402"
-87.12727,30.60391,"Zaxby's-Pace,FL","4700 US 90, Pace,FL 32571, (850) 781-1034"
-81.67032,29.655229,"Zaxby's-Palatka,FL","423 N State Rd 19, Palatka,FL 32177, (386) 328-3495"
-81.224869,29.55254,"Zaxby's-Palm Coast,FL","180 Cypress Edge Dr, Palm Coast,FL 32164, (386) 597-2837"
-85.802254,30.180066,"Zaxby's-Panama City Beach,FL","9960 Hutchison Blvd, Panama City Beach,FL 32407, (850) 233-6000"
-87.2678375,30.5324535,"Zaxby's-Pensacola,FL","121 E Nine Mile Rd, Pensacola,FL 32534, (850) 912-8686"
-87.192351,30.495285,"Zaxby's-Pensacola,FL","2640 Creighton Rd, Pensacola,FL 32504, (850) 477-0025"
-87.3091583,30.4761658,"Zaxby's-Pensacola,FL","3210 Godwin Lane, Pensacola,FL 32526, (850) 512-1100"
-82.737162,27.840738,"Zaxby's-Pinellas Park,FL","7520 Belcher Rd, Pinellas Park,FL 33781, (727) 289-8692  "
-82.122393,27.984086,"Zaxby's-Plant City,FL","2901 James Redman Parkway, Plant City,FL 33564, (813) 752-1971"
-81.4476405,28.1470468,"Zaxby's-Poinciana,FL","930 Cypress Pkwy, Poinciana,FL 34759, (407) 944-0642"
-82.1337,27.01393,"Zaxby's-Port Charlotte,FL","19590 Cochran Blvd, Port Charlotte,FL 33948, (941) 456-7519"
-80.3766562,27.2539161,"Zaxby's-Port St Lucie,FL","3025 SW Port St Lucie Blvd, Port St Lucie,FL 34953, (772) 207-5272"
-80.20218,26.688647,"Zaxby's-Royal Palm Beach,FL","1005 N SR 7, Royal Palm Beach,FL 33411, (561) 729-0344"
-81.320469,29.902789,"Zaxby's-Saint Augustine,FL","1107 North Ponce De Leon Blvd, Saint Augustine,FL 32084, (904) 825-1545"
-81.28712,28.75527,"Zaxby's-Sanford,FL","3815 S Orlando Dr, Sanford,FL 32773, (407) 878-2471"
-82.301062,27.981299,"Zaxby's-Seffner,FL","11709 Martin Luther King Blvd E, Seffner,FL 33584, (813) 643-7878  "
-82.4871561,28.4746174,"Zaxby's-Spring Hill,FL","3042 Anderson Snow Rd, Spring Hill,NC 27407, (352) 777-4866"
-84.361107,30.456891,"Zaxby's-Tallahassee,FL","180 Capital Circle Sw, Tallahassee,FL 32304, (850) 580-4044"
-84.290107,30.471357,"Zaxby's-Tallahassee,FL","2319 Monroe Street, Tallahassee,FL 32303, (850) 383-4301"
-84.230783,30.42699,"Zaxby's-Tallahassee,FL","2889 Apalachee Parkway, Tallahassee,FL 32301, (850) 656-8003"
-84.229397,30.459489,"Zaxby's-Tallahassee,FL","2901 Mahan Drive, Tallahassee,FL 32308, (850) 216-1016"
-84.246342,30.497486,"Zaxby's-Tallahassee,FL","3325 Capital Circle Ne, Tallahassee,FL 32308, (850) 385-2797"
-84.293708,30.374417,"Zaxby's-Tallahassee,FL","5048 Crawfordville Rd, Tallahassee,FL 32305, (850) 765-7772"
-84.219546,30.559758,"Zaxby's-Tallahassee,FL","6544 Thomasville Rd, Tallahassee,FL 32312, (850) 765-5087"
-82.6158087,28.0154491,"Zaxby's-Tampa,FL","11619 W Hillsborough Ave, Tampa,FL 33635, (813) 510-4321"
-82.507387,28.025345,"Zaxby's-Tampa,FL","3864 West Waters Avenue, Tampa,FL 33614, (813) 882-4121"
-82.513617,27.996219,"Zaxby's-Tampa,FL","4201 West Hillsborough Ave, Tampa,FL 33614, (813) 882-8300"
-82.254112,27.938137,"Zaxby's-Valrico,FL","2028 State Route 60, Valrico,FL 33594, (813) 657-6363"
-80.084796,26.726077,"Zaxby's-West Palm Beach,FL","1345 N Congress Ave, West Palm Beach,FL 33401, (Coming Soon) "
-80.051898,26.705444,"Zaxby's-West Palm Beach,FL","5613 Okeechobee Blvd, West Palm Beach,FL 33417, (561) 689-2775"
-82.0890121,28.872982,"Zaxby's-Wildwood,FL","868 E State Road 44, Wildwood,FL 34785, (352) 748-0221"
-81.6476447,27.9783851,"Zaxby's-Winter Haven,FL","7454 Cypress Gardens Blvd, Winter Haven,FL 33884, (863) 875-9499"
-81.730917,28.014138,"Zaxby's-Winter Haven,FL","797 3rd Street SW, Winter Haven,FL 33880, (863) 299-7200"
-81.297504,28.598009,"Zaxby's-Winter Park,FL","6503 University Blvd, Winter Park,FL 32792, (407) 853-4329"
-81.6431885,30.6556606,"Zaxby's-Yulee,FL","463769 Fl-200, Yulee,FL 32097, (904) 474-0380"
-84.652793,34.076033,"Zaxby's-Acworth,GA","3511 Baker Rd, Acworth,GA 30101, (678) 574-0400"
-84.926245,34.37597,"Zaxby's-Adairsville,GA","7869 Adairsville Hwy, Adairsville,GA 30103, (770) 877-9557"
-83.43529,31.13414,"Zaxby's-Adel,GA","911 W 4Th St, Adel,GA 31620, (229) 896-1358"
-84.22676,31.620141,"Zaxby's-Albany,GA","2801 Pointe North Blvd, Albany,GA 31721, (229) 431-1900"
-84.176669,31.620026,"Zaxby's-Albany,GA","2806 Hwy 19, Albany,GA 31701, (229) 483-0009"
-84.176213,31.581622,"Zaxby's-Albany,GA","405 North Slappey Boulevard, Albany,GA 31701, (229) 888-9995"
-84.298503,34.071329,"Zaxby's-Alpharetta,GA","2005 Old Milton Parkway, Alpharetta,GA 30004, (678) 762-7620"
-84.279024,34.052986,"Zaxby's-Alpharetta,GA","3355 North Point Parkway, Alpharetta,GA 30005, (678) 566-4999"
-84.216467,32.074443,"Zaxby's-Americus,GA","1204 Crawford Street, Americus,GA 31709, (229) 931-6300"
-83.638877,31.710651,"Zaxby's-Ashburn,GA","812 East Washington Ave, Ashburn,GA 31714, (229) 613-1125"
-83.440107,33.92374,"Zaxby's-Athens,GA","1800 Epps Bridge Pkwy, Athens,GA 30606, (706) 227-0811"
-83.341095,33.922814,"Zaxby's-Athens,GA","2100 Barnett Shoals Rd, Athens,GA 30605, (706) 546-4220"
-83.411424,33.949227,"Zaxby's-Athens,GA","2255 Broad Street, Athens,GA 30606, (706) 613-6677"
-83.375276,33.958896,"Zaxby's-Athens,GA","227 E Clayton St, Athens,GA 30601, (706) 548-7945"
-83.466926,33.941037,"Zaxby's-Athens,GA","3704 Atlanta Hwy, Athens,GA 30606, (706) 353-1030"
-83.336815,33.993478,"Zaxby's-Athens,GA","820 Hull Rd, Athens,GA 30601, (706) 354-1100"
-84.40711,33.79014,"Zaxby's-Atlanta,GA","1299 Northside Dr NW, Atlanta,GA 30318, (404) 941-9731"
-84.2464066,33.885273,"Zaxby's-Atlanta,GA","3568 Chamblee Tucker Rd, Atlanta,GA 30341, (470) 395-1151"
-84.5154,33.6628,"Zaxby's-Atlanta,GA","3770 Princeton Lakes Pkwy, Atlanta,GA 30331, (404) 344-8884"
-84.3734436,33.7725182,"Zaxby's-Atlanta,GA","425 Ponce De Leon, Atlanta,GA 30308, (404) 249-9883"
-84.380846,33.874693,"Zaxby's-Atlanta,GA","4388 Roswell Road, Atlanta,GA 30342, (404) 250-7656"
-84.5719,33.7283,"Zaxby's-Atlanta,GA","925 Camp Fulton Way, Atlanta,GA 30336, (404) 629-6770"
-84.4183697,33.754445,"Zaxby's-Atlanta,GA","946 MLK JR DR SW, Atlanta,GA 30314, (Coming Soon) "
-81.995332,33.475463,"Zaxby's-Augusta,GA","1702 Walton Way, Augusta,GA 30904, (706) 481-0717"
-82.019687,33.423483,"Zaxby's-Augusta,GA","2629 Peach Orchard Rd, Augusta,GA 30906, (706) 798-3000"
-82.036008,33.511803,"Zaxby's-Augusta,GA","2849 Washington Road, Augusta,GA 30909, (706) 922-9300"
-82.094139,33.482235,"Zaxby's-Augusta,GA","3680 Wheeler Rd, Augusta,GA 30909, (706) 868-6524"
-82.115629,33.449378,"Zaxby's-Augusta,GA","4001 Harper Franklin Ave, Augusta,GA 30909, (706) 447-2500"
-84.6226732,33.864014,"Zaxby's-Austell,GA","2603 East West Connector SW, Austell,GA 30106, (770) 222-1550"
-84.566166,30.888717,"Zaxby's-Bainbridge,GA","1404 Tallahassee Hwy, Bainbridge,GA 39819, (229) 248-0404"
-84.169967,33.042011,"Zaxby's-Barnesville,GA","118 Roberta Dr, Barnesville,GA 30204, (678) 818-1181"
-82.3595781,31.7821712,"Zaxby's-Baxley,GA","964 West Parker Street, Baxley,GA 31513, (912) 367-2542"
-84.193079,33.968631,"Zaxby's-Berkeley Lake,GA","4850 Peachtree Ind Blvd, Berkeley,GA 30071, (770) 246-8400"
-83.757879,33.931365,"Zaxby's-Bethlehem,GA","1945 Parkway Pointe Drive, Bethlehem,GA 30620, (770) 867-0455"
-83.961886,34.87597,"Zaxby's-Blairsville,GA","195 Hwy 515, Blairsville,GA 30512, (706) 745-0092"
-84.324787,34.872902,"Zaxby's-Blue Ridge,GA","24 Progress Circle, Blue Ridge,GA 30513, (706) 632-5055"
-83.7612,34.1077,"Zaxby's-Braselton,GA","100 Commons Dr, Braselton,GA 30517, (706) 658-2525"
-85.145732,33.720318,"Zaxby's-Bremen,GA","135 Hwy 27 Bypass, Bremen,GA 30110, (770) 537-8811"
-81.484215,31.215155,"Zaxby's-Brunswick,GA","126 Altama Connector, Brunswick,GA 31525, (912) 554-0580"
-81.568442,31.134364,"Zaxby's-Brunswick,GA","230 Frontage Road, Brunswick,GA 31521, (912) 265-5199"
-84.001549,34.092367,"Zaxby's-Buford,GA","4139 Buford Dr, Buford,GA 30518, (770) 831-8714"
-83.956211,34.143949,"Zaxby's-Buford,GA","4906 Friendship Rd, Buford,GA 30518, (770) 271-1735"
-83.743694,32.610878,"Zaxby's-Byron,GA","2972 Highway 247 Connector, Byron,GA 31008, (478) 654-2658"
-83.741016,32.661654,"Zaxby's-Byron,GA","400 Highway 49 North, Byron,GA 31008, (478) 956-3900"
-84.31248,30.885367,"Zaxby's-Cairo,GA","721 Us Highway 84 East, Cairo,GA 39828, (229) 307-0006"
-84.927597,34.475442,"Zaxby's-Calhoun,GA","530 Hwy 53 East, Calhoun,GA 30701, (706) 624-1975"
-84.475008,34.250455,"Zaxby's-Canton,GA","1385 Riverstone Pkwy, Canton,GA 30114, (770) 704-0700"
-84.510161,34.190963,"Zaxby's-Canton,GA","156 Prominence Point Pkwy, Canton,GA 30114, (770) 479-5711"
-84.457824,34.237434,"Zaxby's-Canton,GA","2036 Cumming Hwy, Canton,GA 30114, (770) 479-0336"
-84.420919,34.174322,"Zaxby's-Canton,GA","2880 E Cherokee Dr, Canton,GA 30115, (678) 493-0566"
-85.073397,33.560788,"Zaxby's-Carrollton,GA","1125 South Park St, Carrollton,GA 30117, (770) 838-0777"
-85.035956,33.596311,"Zaxby's-Carrollton,GA","1195 Bankhead Hwy, Carrollton,GA 30116, (770) 832-1050"
-84.792022,34.198864,"Zaxby's-Cartersville,GA","310 Market Place Blvd, Cartersville,GA 30121, (770) 606-0078"
-84.817867,34.138163,"Zaxby's-Cartersville,GA","5 Walnut Grove Road, Cartersville,GA 30120, (770) 607-0005"
-85.240216,34.039969,"Zaxby's-Cedartown,GA","1595 Rome Hwy, Cedartown,GA 30125, (770) 749-1407"
-84.317398,33.883139,"Zaxby's-Chamblee,GA","4906 Peachtree Blvd, Chamblee,GA 30341, (770) 451-6447"
-84.77067,34.781602,"Zaxby's-Chatsworth,GA","1015 N 3Rd Avenue, Chatsworth,GA 30705, (706) 517-4000"
-83.48887,34.626497,"Zaxby's-Clarkesville,GA","1654 Historic Hwy 441, Clarkesville,GA 30523, (706) 754-5152"
-83.401151,34.875464,"Zaxby's-Clayton,GA","43 Bo James Street, Clayton,GA 30525, (706) 212-0088"
-83.763232,34.594922,"Zaxby's-Cleveland,GA","217 S Main Street, Cleveland,GA 30528, (706) 219-4746"
-84.4718475,33.5885925,"Zaxby's-College Park,GA","2530 Flat Shoals Road, College Park,GA 30349, (770) 994-4511"
-84.944739,32.479626,"Zaxby's-Columbus,GA","1915 Auburn Avenue, Columbus,GA 31906, (706) 507-9297"
-84.917994,32.465497,"Zaxby's-Columbus,GA","4424 Buena Vista Rd, Columbus,GA 31907, (706) 568-8520"
-84.963786,32.533073,"Zaxby's-Columbus,GA","6190 Bradley Park Dr, Columbus,GA 31904, (706) 320-0046"
-84.910444,32.568138,"Zaxby's-Columbus,GA","7626 Schomburg Road, Columbus,GA 31909, (706) 507-3235"
-83.47726,34.30504,"Zaxby's-Commerce,GA","30828 Us Hwy 441, Commerce,GA 30529, (706) 335-6787"
-84.016772,33.639229,"Zaxby's-Conyers,GA","1871 Hwy 138 Se, Conyers,GA 30013, (770) 922-2636"
-84.004466,33.686209,"Zaxby's-Conyers,GA","429 Sigman Rd, Conyers,GA 30012, (770) 918-9610"
-83.7564,31.9513,"Zaxby's-Cordele,GA","2002 Central Ave Ext, Cordele,GA 31015, (229) 273-2223"
-83.546662,34.544994,"Zaxby's-Cornelia,GA","180 Cannon Bridge Rd, Cornelia,GA 30531, (706) 778-1417"
-83.9616623,33.577919,"Zaxby's-Covington,GA","12945 Brown Bridge Rd, Covington,GA 30016, (470) 441-5433"
-83.876359,33.604943,"Zaxby's-Covington,GA","6243 Turner Lake Rd Nw, Covington,GA 30014, (678) 342-7333"
-83.834188,33.586425,"Zaxby's-Covington,GA","9132 Covington Bypass, Covington,GA 30014, (770) 787-1884"
-84.088943,34.25272,"Zaxby's-Cumming,GA","2810 Keith Bridge Rd, Cumming,GA 30041, (678) 513-2822"
-84.155282,34.218021,"Zaxby's-Cumming,GA","520 Sawnee Corners Blvd, Cumming,GA 30040, (678) 513-6252"
-84.176292,34.163772,"Zaxby's-Cumming,GA","6020 Bethelview Rd, Cumming,GA 30040, (678) 513-0077"
-83.892496,33.987899,"Zaxby's-Dacula,GA","2620 Winder Hwy, Dacula,GA 30019, (770) 995-4362"
-83.914865,34.071589,"Zaxby's-Dacula,GA","3460 Braselton Hwy, Dacula,GA 30019, (770) 271-0208"
-83.976185,34.532729,"Zaxby's-Dahlonega,GA","58 Pinetree Way, Dahlonega,GA 30533, (706) 867-0932"
-84.826115,33.911147,"Zaxby's-Dallas,GA","105 Thomas B Murphy Dr, Dallas,GA 30132, (770) 505-8961"
-84.840773,33.923714,"Zaxby's-Dallas,GA","202 Hillside Overlook, Dallas,GA 30157, (770) 443-2856"
-84.930088,34.761977,"Zaxby's-Dalton,GA","2710 Airport Rd, Dalton,GA 30720, (706) 428-9394"
-84.957669,34.797362,"Zaxby's-Dalton,GA","352 Northgate Dr, Dalton,GA 30721, (706) 217-6622"
-85.003528,34.762145,"Zaxby's-Dalton,GA","872 College Drive, Dalton,GA 30720, (706) 529-6620"
-84.041476,34.360589,"Zaxby's-Dawsonville,GA","244 S 400 Center Lane, Dawsonville,GA 30534, (706) 216-8282"
-84.269906,33.753588,"Zaxby's-Decatur,GA","3490 Memorial Drive, Decatur,GA 30032, (404) 289-2386"
-84.278038,33.811638,"Zaxby's-Decatur,GA","3809 North Druid Hills Rd, Decatur,GA 30033, (404) 320-7500"
-84.232094,33.681797,"Zaxby's-Decatur,GA","4805 Flat Shoals Parkway, Decatur,GA 30034, (678) 518-0836"
-84.2716904,33.9053917,"Zaxby's-Doraville,GA","5632 Buford Hwy, Doraville,GA 30340, (770) 451-2550"
-82.850638,31.497049,"Zaxby's-Douglas,GA","1004 Peterson Ave S, Douglas,GA 31533, (912) 260-1000"
-84.758744,33.73026,"Zaxby's-Douglasville,GA","7035 Concourse Pkwy, Douglasville,GA 30134, (770) 489-0787"
-82.939826,32.487315,"Zaxby's-Dublin,GA","100 Travel Center Blvd, Dublin,GA 31021, (478) 275-1325"
-82.958853,32.54299,"Zaxby's-Dublin,GA","2203 Veterans Blvd, Dublin,GA 31021, (478) 275-1070"
-84.185463,34.014113,"Zaxby's-Duluth,GA","5970 State Bridge Rd, Duluth,GA 30097, (770) 623-4949"
-83.194134,32.211617,"Zaxby's-Eastman,GA","6355 Oak Street, Eastman,GA 31023, (478) 374-3888"
-83.3848,33.302,"Zaxby's-Eatonton,GA","120 Walmart Way, Eatonton,GA 31024, (706) 923-1910"
-82.851465,34.102832,"Zaxby's-Elberton,GA","614 Elbert Street, Elberton,GA 30635, (706) 283-5203"
-84.243549,33.618837,"Zaxby's-Ellenwood,GA","235 Fairview Road, Ellenwood,GA 30294, (678) 284-4490"
-84.4341,34.8008,"Zaxby's-Ellijay,GA","143 Highland Crossing, Ellijay,GA 30540, (706) 515-1000"
-82.194437,33.562449,"Zaxby's-Evans,GA","3031 William Few Pkwy, Evans,GA 30809, (706) 210-2929"
-82.13566,33.542871,"Zaxby's-Evans,GA","612 Ronald Reagan Drive, Evans,GA 30809, (706) 863-4000"
-84.611837,33.611879,"Zaxby's-Fairburn,GA","5350 Campbellton Fairburn Road, Fairburn,GA 30213, (770) 969-7172"
-84.576682,33.541993,"Zaxby's-Fairburn,GA","7840 Senoia Rd, Fairburn,GA 30213, (770) 892-4332"
-84.456131,33.429342,"Zaxby's-Fayetteville,GA","130 Hwy 92, Fayetteville,GA 30214, (678) 610-3051"
-84.440031,33.475205,"Zaxby's-Fayetteville,GA","1325 Hwy 85 North, Fayetteville,GA 30214, (678) 817-4321"
-83.25641,31.692463,"Zaxby's-Fitzgerald,GA","128 Benjamin Hill Dr W, Fitzgerald,GA 31750, (229) 426-7471"
-83.93646,33.04378,"Zaxby's-Forsyth,GA","325 Cabiness Rd, Forsyth,GA 31029, (478) 993-1886"
-84.9655075,32.3688393,"Zaxby's-Fort Benning,GA","7290 Ingersoll St, Fort Benning,GA 31905, (706) 683-0066"
-85.224765,34.943904,"Zaxby's-Fort Oglethorpe,GA","2541 Battlefield Pkwy, Fort Oglethorpe,GA 30742, (706) 861-3898"
-83.840324,34.286773,"Zaxby's-Gainesville,GA","1332 Browns Bridge Rd, Gainesville,GA 30501, (678) 450-0661"
-83.824707,34.2990494,"Zaxby's-Gainesville,GA","1977 Textile Way, Gainesville,GA 30501, (770) 287-8500  "
-83.826899,34.315324,"Zaxby's-Gainesville,GA","995 Riverside Dr, Gainesville,GA 30501, (770) 287-8500"
-83.53916,33.00801,"Zaxby's-Gray,GA","166 W Clinton Street, Gray,GA 31032, (478) 986-4822"
-83.960352,33.898079,"Zaxby's-Grayson,GA","1931 Grayson Hwy, Grayson,GA 30017, (770) 963-7855"
-83.202893,33.548954,"Zaxby's-Greensboro,GA","2301 S Main Street, Greensboro,GA 30642, (706) 453-1355"
-84.291731,33.274465,"Zaxby's-Griffin,GA","1504 West Mcintosh Rd, Griffin,GA 30223, (770) 233-0446"
-84.326311,33.452016,"Zaxby's-Hampton,GA","11131 Tara Blvd, Hampton,GA 30228, (770) 210-1515"
-82.896017,34.347214,"Zaxby's-Hartwell,GA","1590 Anderson Hwy, Hartwell,GA 30643, (706) 376-2553"
-83.750635,34.943189,"Zaxby's-Hiawassee,GA","385 S Main Street, Hiawassee,GA 30546, (706) 896-0556"
-81.5894857,31.8485874,"Zaxby's-Hinesville,GA","403 East Oglethorpe Hwy, Hinesville,GA 31313, (912) 369-0260"
-84.752215,33.890326,"Zaxby's-Hiram,GA","4560 Jimmy Lee Smith Pkwy, Hiram,GA 30141, (770) 222-2078"
-84.5115855,34.1441855,"Zaxby's-Holly Springs,GA","4825 Holly Springs Pkwy, Holly Springs,GA 30115, (678) 388-7755"
-83.9715424,33.2938194,"Zaxby's-Jackson,GA","501 W 3rd St, Jackson,GA 30233, (678) 505-0004"
-84.4833,34.4757,"Zaxby's-Jasper,GA","132 Bill Wiggington Parkway, Jasper,GA 30143, (706) 253-9294"
-83.5862,34.1144,"Zaxby's-Jefferson,GA","4853 Us Hwy 129 North, Jefferson,GA 30549, (706) 693-4917"
-81.87583,31.615776,"Zaxby's-Jesup,GA","1097 N First St, Jesup,GA 31545, (912) 427-6076"
-84.3726044,33.5717354,"Zaxby's-Jonesboro,GA","6671 Tara Blvd, Jonesboro,GA 30236, (770) 471-9417"
-84.32449,33.559495,"Zaxby's-Jonesboro,GA","7149 Mount Zion Blvd, Jonesboro,GA 30236, (678) 610-7676"
-84.597562,33.993581,"Zaxby's-Kennesaw,GA","1640 Old Hwy 41, Kennesaw,GA 30152, (770) 428-8789"
-84.658601,34.032236,"Zaxby's-Kennesaw,GA","3160 Acworth Forest Dr Nw, Kennesaw,GA 30144, (770) 974-1147"
-84.702484,33.996367,"Zaxby's-Kennesaw,GA","5230 Stilesboro Rd Nw, Kennesaw,GA 30152, (678) 354-4441"
-84.574197,34.035812,"Zaxby's-Kennesaw,GA","780 Townpark Ln Nw, Kennesaw,GA 30144, (770) 429-5778"
-81.67922,30.79994,"Zaxby's-Kingsland,GA","1377 East King Ave, Kingsland,GA 31548, (912) 510-8500"
-85.026812,33.049508,"Zaxby's-Lagrange,GA","129 Commerce Ave, Lagrange,GA 30241, (706) 882-0440"
-84.984696,33.041707,"Zaxby's-Lagrange,GA","1488 Lafayette Hwy, Lagrange,GA 30241, (706) 812-8993"
-83.219617,30.681458,"Zaxby's-Lake Park,GA","1220 Lakes Boulevard, Lake Park,GA 31636, (229) 559-2087"
-83.119305,34.445432,"Zaxby's-Lavonia,GA","14265 Jones Street, Lavonia,GA 30553, (706) 356-1010"
-84.080175,33.976617,"Zaxby's-Lawrenceville,GA","1914 Duluth Hwy 120, Lawrenceville,GA 30043, (770) 277-1973"
-84.017825,33.922976,"Zaxby's-Lawrenceville,GA","3390 Sugarloaf Pkwy, Lawrenceville,GA 30043, (770) 513-1552"
-84.006547,33.962984,"Zaxby's-Lawrenceville,GA","541 West Pike Street, Lawrenceville,GA 30045, (770) 962-3040"
-84.113864,33.918444,"Zaxby's-Lilburn,GA","743 Pleasant Hill Road, Lilburn,GA 30047, (770) 921-6161"
-84.667264,33.735305,"Zaxby's-Lithia Springs,GA","2609 Lee Road, Lithia Springs,GA 30122, (770) 489-3943"
-84.62323,33.787491,"Zaxby's-Lithia Springs,GA","650 Maxham Rd, Lithia Springs,GA 30122, (770) 739-8319"
-84.1661,33.721368,"Zaxby's-Lithonia,GA","2316 Panola Rd, Lithonia,GA 30058, (770) 323-7458"
-84.102678,33.783068,"Zaxby's-Lithonia,GA","451 S Deshon Rd, Lithonia,GA 30058, (770) 465-3595"
-84.095765,33.693466,"Zaxby's-Lithonia,GA","8065 Mall Parkway, Lithonia,GA 30038, (770) 482-9233"
-84.116703,33.349716,"Zaxby's-Locust Grove,GA","701 Market Place Blvd, Locust Grove,GA 30248, (678) 583-9500"
-83.905102,33.839412,"Zaxby's-Loganville,GA","4333 Atlanta Hwy, Loganville,GA 30052, (770) 554-0021"
-84.575933,33.831086,"Zaxby's-Mableton,GA","5090 Floyd Road Sw, Mableton,GA 30126, (770) 941-0551"
-83.725982,32.932943,"Zaxby's-Macon,GA","1680 Bass Road, Macon,GA 31210, (478) 254-6180"
-83.700643,32.898967,"Zaxby's-Macon,GA","3960 Northside Dr, Macon,GA 31210, (478) 474-1141"
-83.723891,32.744074,"Zaxby's-Macon,GA","4622 Hartley Bridge Road, Macon,GA 31216, (478) 788-3577"
-83.715887,32.816024,"Zaxby's-Macon,GA","4686 Presidential Pkwy, Macon,GA 31206, (478) 405-0080"
-83.772409,32.880071,"Zaxby's-Macon,GA","6375 Zebulon Rd, Macon,GA 31220, (478) 254-2276"
-83.630659,32.84335,"Zaxby's-Macon,GA","910 Riverside Dr, Macon,GA 31201, (478) 750-1199"
-83.4768221,33.559706,"Zaxby's-Madison,GA","1930 Eatonton Road, Madison,GA 30650, (706) 342-9990"
-84.5767571,33.9229193,"Zaxby's-Marietta,GA","1225 Powder Springs St, Marietta,GA 30064, (770) 575-2206"
-84.553378,33.975343,"Zaxby's-Marietta,GA","1347 Church Street Extension, Marietta,GA 30060, (678) 733-9300"
-84.492032,33.949159,"Zaxby's-Marietta,GA","2080 Lower Roswell Rd, Marietta,GA 30062, (770) 977-4907"
-84.554429,34.012162,"Zaxby's-Marietta,GA","2500 Barrett Creek Blvd Nw, Marietta,GA 30066, (770) 429-3965"
-84.491953,34.017376,"Zaxby's-Marietta,GA","2756 Sandy Plains Rd NE, Marietta,GA 30066, (678) 383-4600"
-84.465858,33.925018,"Zaxby's-Marietta,GA","2981 Delk Rd S, Marietta,GA 30067, (678) 870-7000"
-84.426418,34.022004,"Zaxby's-Marietta,GA","3030 Johnson Ferry Rd, Marietta,GA 30062, (770) 642-9100"
-84.6497955,33.9523048,"Zaxby's-Marietta,GA","3405 Dallas Hwy SW, Marietta,GA 30064, (678) 870-5000"
-84.534607,33.943484,"Zaxby's-Marietta,GA","591 South Marietta Pkwy, Marietta,GA 30060, (770) 420-2440"
-84.412823,33.967593,"Zaxby's-Marietta,GA","730 Johnson Ferry Rd, Marietta,GA 30068, (678) 560-8100"
-82.099813,33.509406,"Zaxby's-Martinez,GA","3969 Columbia Road, Martinez,GA 30907, (706) 922-7700"
-82.079878,33.537835,"Zaxby's-Martinez,GA","510 Furys Ferry Rd, Martinez,GA 30907, (706) 651-9000"
-84.178837,33.430776,"Zaxby's-Mcdonough,GA","1094 Hwy 20/81 West, Mcdonough,GA 30253, (770) 914-9663"
-84.207473,33.431275,"Zaxby's-Mcdonough,GA","821 Hwy 81 East, Mcdonough,GA 30253, (678) 432-1121"
-82.062265,32.377695,"Zaxby's-Metter,GA","1225 South Lewis St, Metter,GA 30439, (912) 685-4361"
-84.8274231,32.5750084,"Zaxby's-Midland,GA","7033 Ruffie Way, Midland,GA 31820, (706) 940-0573"
-83.247256,33.100252,"Zaxby's-Milledgeville,GA","1692 N Columbia Street, Milledgeville,GA 31061, (478) 452-1027"
-84.270042,34.115707,"Zaxby's-Milton,GA","13788 Hwy 9, Milton,GA 30004, (770) 772-9356"
-83.740306,33.797706,"Zaxby's-Monroe,GA","195 Martin Luther King Jr Blvd, Monroe,GA 30655, (770) 207-0800"
-83.761003,31.168537,"Zaxby's-Moultrie,GA","507 East Bypass NE, Moultrie,GA 31768, (229) 985-2440"
-84.682884,33.411262,"Zaxby's-Newnan,GA","195 Glenda Trace, Newnan,GA 30265, (770) 252-8552"
-84.752551,33.396563,"Zaxby's-Newnan,GA","759 Bullsboro Dr, Newnan,GA 30263, (770) 251-7836"
-84.2386358,33.9424056,"Zaxby's-Norcross,GA","6895 Jimmy Carter Blvd, Norcross,GA 30071, (404) 410-7599"
-83.86908,34.23024,"Zaxby's-Oakwood,GA","3724 Mundy Mill Rd, Oakwood,GA 30566, (770) 297-0392"
-84.5367908,33.3418161,"Zaxby's-Peachtree City,GA","1203 Hwy 74 S, Peachtree City,GA 30269, (770) 742-0287"
-84.561,33.4147,"Zaxby's-Peachtree City,GA","201 Worth Ct, Peachtree City,GA 30269, (770) 632-9454"
-84.6035202,33.3970535,"Zaxby's-Peachtree City,GA","2793 Hwy 54, Peachtree City,GA 30269, (678) 489-6964"
-83.742625,32.46985,"Zaxby's-Perry,GA","1425 Sam Nunn Blvd, Perry,GA 31069, (478) 987-1020"
-81.245162,32.140403,"Zaxby's-Pooler,GA","175 Pooler Pkwy, Pooler,GA 31322, (912) 748-7588"
-81.163168,32.149092,"Zaxby's-Port Wentworth,GA","100 Old Richmond Road, Port Wentworth,GA 31407, (912) 395-8884"
-84.698727,33.844656,"Zaxby's-Powder Springs,GA","4410 Brownsville Rd, Powder Springs,GA 30127, (678) 384-1005"
-81.31969,31.957711,"Zaxby's-Richmond Hill,GA","80 Exchange Street, Richmond Hill,GA 31324, (912) 459-1445"
-85.131767,34.899306,"Zaxby's-Ringgold,GA","6456 Alabama Hwy, Ringgold,GA 30736, (706) 935-9292"
-81.233293,32.281905,"Zaxby's-Rincon,GA","313 S Columbia Ave, Rincon,GA 31326, (none listed)"
-84.414982,33.548536,"Zaxby's-Riverdale,GA","7541 Highway 85, Riverdale,GA 30296, (770) 472-2044"
-84.995079,33.9663696,"Zaxby's-Rockmart,GA","1945 Nathan Dean Pkwy, Rockmart,GA 30153, (770) 684-7478"
-85.161212,34.242825,"Zaxby's-Rome,GA","1808 Turner Mccall Boulevard, Rome,GA 30161, (706) 234-6440"
-85.234151,34.271549,"Zaxby's-Rome,GA","2415 Shorter Ave, Rome,GA 30165, (706) 291-9996"
-85.175591,34.302554,"Zaxby's-Rome,GA","2790 Martha Berry Hwy Ne, Rome,GA 30165, (706) 234-2888"
-84.383032,34.055584,"Zaxby's-Roswell,GA","11235 Woodstock Road, Roswell,GA 30075, (770) 552-2245"
-84.312295,34.021018,"Zaxby's-Roswell,GA","3000 Holcomb Woods Parkway, Roswell,GA 30076, (678) 352-0707"
-81.383497,31.177872,"Zaxby's-Saint Simons Island,GA","25 Market Street, Saint Simons Island,GA 31522, (912) 638-4010"
-82.809209,32.974129,"Zaxby's-Sandersville,GA","600 South Harris Street, Sandersville,GA 31082, (478) 240-0505"
-84.3794174,33.9333344,"Zaxby's-Sandy Springs,GA","6545 Roswell Rd NE, Sandy Springs,GA 30328, (678) 909-8900"
-81.066898,32.042632,"Zaxby's-Savannah,GA","1917 East Victory Dr, Savannah,GA 31404, (912) 691-4722"
-81.081308,31.989928,"Zaxby's-Savannah,GA","1935 Montgomery Cross Road, Savannah,GA 31406, (912) 356-0406"
-81.163752,32.048957,"Zaxby's-Savannah,GA","4260 Ogeechee Rd, Savannah,GA 31405, (912) 233-2369"
-81.256814,31.997504,"Zaxby's-Savannah,GA","5971 Ogeechee Rd, Savannah,GA 31419, (912) 961-5570"
-81.121057,32.001316,"Zaxby's-Savannah,GA","8040 White Bluff Rd, Savannah,GA 31406, (912) 927-6000"
-84.511734,33.879917,"Zaxby's-Smyrna,GA","1420 Spring Rd SE, Smyrna,GA 30080, (678) 870-4000"
-84.4807358,33.8969345,"Zaxby's-Smyrna,GA","2205 Cobb Pkwy SE, Smyrna,GA 30080, (770) 858-0000"
-84.490966,33.826883,"Zaxby's-Smyrna,GA","5201 S Cobb Dr Se, Smyrna,GA 30080, (404) 792-2288"
-84.0123358,33.8784973,"Zaxby's-Snellville,GA","1780 Scenic Hwy N, Snellville,GA 30078, (770) 985-9888"
-84.027286,33.855509,"Zaxby's-Snellville,GA","2735 West Main St, Snellville,GA 30078, (678) 344-0028"
-84.039296,33.816237,"Zaxby's-Snellville,GA","3230 Centerville Hwy, Snellville,GA 30039, (770) 972-1120"
-84.067235,33.838791,"Zaxby's-Snellville,GA","3951 Stone Mountain Hwy Sw, Snellville,GA 30039, (770) 982-7155"
-81.7791092,32.422737,"Zaxby's-Statesboro,GA","1605 Chandler Rd, Statesboro,GA 30458, (912) 489-2811"
-81.78197,32.434638,"Zaxby's-Statesboro,GA","502 Fair Road, Statesboro,GA 30458, (912) 681-2000"
-84.238283,33.503701,"Zaxby's-Stockbridge,GA","1480 Hudson Bridge Rd, Stockbridge,GA 30281, (678) 289-9649"
-84.1484,33.5857,"Zaxby's-Stockbridge,GA","29 Hwy 138 West, Stockbridge,GA 30281, (770) 389-0024"
-84.196367,33.762706,"Zaxby's-Stone Mountain,GA","1152 South Hairston Rd, Stone Mountain,GA 30088, (404) 299-3671"
-84.0799484,34.1206512,"Zaxby's-Sugar Hill,GA","5982 Cumming Hwy, Sugar Hill,GA 30518, (678) 765-8065"
-84.153373,34.110155,"Zaxby's-Suwanee,GA","3125 Mathis Airport Parkway, Suwanee,GA 30024, (678) 455-3377"
-84.05823,34.046046,"Zaxby's-Suwanee,GA","3545 Lawrenceville Suwanee Rd Nw, Suwanee,GA 30024, (678) 546-0050"
-84.163349,34.06654,"Zaxby's-Suwanee,GA","7140 Mcginnis Ferry Rd, Suwanee,GA 30024, (678) 584-0570"
-82.327793,32.589773,"Zaxby's-Swainsboro,GA","410 South Main Street, Swainsboro,GA 30401, (478) 237-4476"
-84.329662,32.905312,"Zaxby's-Thomaston,GA","809 N Church St, Thomaston,GA 30286, (706) 647-1800"
-83.943953,30.84154,"Zaxby's-Thomasville,GA","14036 Us Hwy 19 S, Thomasville,GA 31757, (229) 226-1212"
-82.502821,33.508929,"Zaxby's-Thomson,GA","1929 Washington Rd, Thomson,GA 30824, (706) 843-9191"
-83.528163,31.452817,"Zaxby's-Tifton,GA","198 Virginia Ave South, Tifton,GA 31794, (229) 391-9992"
-83.503074,31.473685,"Zaxby's-Tifton,GA","2201 Tift Avenue North, Tifton,GA 31794, (229) 382-9722"
-83.3032228,34.5685378,"Zaxby's-Toccoa,GA","16 Curtis St, Toccoa,GA 30577, (706) 886-5577"
-84.207365,33.850852,"Zaxby's-Tucker,GA","4409 Hugh Howell Rd, Tucker,GA 30084, (770) 723-1999"
-84.539344,33.569978,"Zaxby's-Union City,GA","6801 Shannon Way, Union City,GA 30291, (770) 892-4715"
-83.321481,30.840386,"Zaxby's-Valdosta,GA","1102 North Saint Augustine Road, Valdosta,GA 31601, (229) 244-3273"
-83.292579,30.881623,"Zaxby's-Valdosta,GA","3250 Inner Perimeter, Valdosta,GA 31602, (229) 219-0402"
-82.380477,32.207581,"Zaxby's-Vidalia,GA","2705 E 1St Street, Vidalia,GA 30474, (912) 538-1880"
-84.9408,33.7175,"Zaxby's-Villa Rica,GA","200 Cooley Drive, Villa Rica,GA 30180, (770) 456-8568"
-83.684886,32.618223,"Zaxby's-Warner Robins,GA","2931 Watson Blvd, Warner Robins,GA 31093, (478) 971-1122"
-83.6953939,32.5812951,"Zaxby's-Warner Robins,GA","3101 Russell Pkwy, Warner Robins,GA 31088, (478) 293-4493"
-83.613145,32.627759,"Zaxby's-Warner Robins,GA","401 N Davis Dr, Warner Robins,GA 31093, (478) 922-1000"
-83.608466,32.592308,"Zaxby's-Warner Robins,GA","505 Booth Road, Warner Robins,GA 31088, (478) 225-2391"
-83.75079,32.479804,"Zaxby's-Warner Robins,GA","861 Warren Drive, Warner Robins,GA 31088, (478) 218-0077"
-82.717747,33.728209,"Zaxby's-Washington,GA","1011 Robert Toombs Ave, Washington,GA 30673, (706) 678-6170"
-83.43806,33.872785,"Zaxby's-Watkinsville,GA","1013 Park Drive, Watkinsville,GA 30677, (706) 769-2000"
-82.323608,31.197117,"Zaxby's-Waycross,GA","2316 Memorial Dr, Waycross,GA 31501, (912) 285-7271"
-82.023909,33.1019146,"Zaxby's-Waynesboro,GA","1450 N Liberty St, Waynesboro,GA 30830, (706) 437-0066"
-83.722108,33.990368,"Zaxby's-Winder,GA","28 E May Street, Winder,GA 30680, (770) 867-7700"
-84.466809,34.08403,"Zaxby's-Woodstock,GA","107 Claremore Drive, Woodstock,GA 30188, (770) 592-1979"
-84.559596,34.112554,"Zaxby's-Woodstock,GA","3030 Eagle Dr, Woodstock,GA 30189, (678) 445-4575"
-86.367576,39.763747,"Zaxby's-Avon,IN","8714 E US Hwy 36, Avon,IN 46123, (317) 707-7092"
-87.4738667,37.9853965,"Zaxby's-Evansville,IN","1021 N Burkhardt Rd, Evansville,IN 47715, (812) 602-5515"
-86.0089417,39.9640999,"Zaxby's-Fishers,IN","13460 Bent Grass Lane, Fishers,IN 46038, (317) 576-9700"
-86.0827927,39.6359635,"Zaxby's-Greenwood,IN","1274 N Emerson Ave, Greenwood,IN 46143, (317) 497-8190"
-86.16011,39.612781,"Zaxby's-Greenwood,IN","254 Marlin Dr, Greenwood,IN 46142, (317) 497-8888"
-86.2225458,39.9148918,"Zaxby's-Indianapolis,IN","8810 Wesleyan Rd, Indianapolis,IN 46268, (317) 672-2471"
-85.7020551,38.3564935,"Zaxby's-Jeffersonville,IN","5430 E Highway 62, Jeffersonville,IN 47130, (812) 725-9304"
-85.798389,38.33992,"Zaxby's-New Albany,IN","2870 Technology Ave, New Albany,IN 47150, (812) 725-7484"
-87.399092,37.977305,"Zaxby's-Newburgh,IN","8175 High Pointe Dr, Newburgh,IN 47630, (812) 490-1199"
-85.774942,39.547158,"Zaxby's-Shelbyville,IN","1792 N Riley Hwy, Shelbyville,IN 46176, (317) 699-6568"
-94.8309784,39.1296692,"Zaxby's-Kansas City,KS","2035 N 109 St, Kansas City,KS 66109, (913) 299-8803"
-95.30214,38.97204,"Zaxby's-Lawrence,KS","4661 Bauer Farm Dr, Lawrence,KS 66049, (785) 856-1260"
-94.7753537,38.9086191,"Zaxby's-Olathe,KS","12195 S Strang Line Rd, Olathe,KS 66062, (913) 747-4277"
-94.696577,38.884244,"Zaxby's-Overland Park,KS","9500 W 135Th St, Overland Park,KS 66221, (913) 538-4131"
-85.4618733,37.8247979,"Zaxby's-Bardstown,KY","816 N 3rd St, Bardstown,KY 40004, (502) 348-8088"
-86.412957,36.929889,"Zaxby's-Bowling Green,KY","100 Cherry Farms Lane, Bowling Green,KY 42103, (270) 781-1866"
-86.437117,36.951242,"Zaxby's-Bowling Green,KY","1651 Campbell Lane, Bowling Green,KY 42104, (270) 846-0000"
-86.4617,37.0218,"Zaxby's-Bowling Green,KY","1801 Us Highway 31, Bowling Green,KY 42101, (270) 796-8300"
-84.782904,37.617224,"Zaxby's-Danville,KY","304 Skywatch Drive, Danville,KY 40422, (859) 236-9133"
-84.1904,39.792403,"Zaxby's-Elizabethtown,KY","3000 North Dixie Avenue, Elizabethtown,KY 42701, (270) 982-5222"
-84.816688,38.182002,"Zaxby's-Frankfort,KY","1375 Versailles Road, Frankfort,KY 40601, (502) 695-0060"
-86.447203,36.980323,"Zaxby's-Franklin,KY","1551 Nashville Rd, Franklin,KY 42134, (270) 586-6707"
-84.562603,38.187086,"Zaxby's-Georgetown,KY","1133 Lexington Rd, Georgetown,KY 40324, (502) 370-4066"
-85.922678,37.010312,"Zaxby's-Glasgow,KY","810 Happy Valley Rd, Glasgow,KY 42141, (270) 629-2445"
-87.473695,36.833779,"Zaxby's-Hopkinsville,KY","4002 Fort Campbell Blvd, Hopkinsville,KY 42240, (270) 886-2111"
-81.595695,29.466253,"Zaxby's-Lexington,KY","104 Sand Lake Drive, Lexington,KY 40515, (859) 317-9929"
-84.5187919,38.0366253,"Zaxby's-Lexington,KY","1115 S Broadway, Lexington,KY 40504, (859) 523-8543"
-83.542911,38.240199,"Zaxby's-Lexington,KY","1772 Sharkey Way, Lexington,KY 40511, (859) 226-0011"
-84.4960785,37.9837723,"Zaxby's-Lexington,KY","435 Redding Rd, Lexington,KY 40517, (859) 687-9044"
-84.48344,38.072888,"Zaxby's-Lexington,KY","531 West New Circle Road, Lexington,KY 40511, (859) 368-0600"
-85.8720206,38.0987466,"Zaxby's-Louisville,KY","10715 Dixie Hwy, Louisville,KY 40272, (502) 271-6990"
-85.4948384,38.2709605,"Zaxby's-Louisville,KY","13811 Terra View Trl, Louisville,KY 40245, (502) 919-9013"
-85.6990832,38.1568962,"Zaxby's-Louisville,KY","3423 Fern Valley Rd, Louisville,KY 40242, (502) 749-3972"
-85.8285595,38.1682862,"Zaxby's-Louisville,KY","4949 Dixie Hwy, Louisville,KY 40216, (502) 690-7282"
-85.669338,38.090669,"Zaxby's-Louisville,KY","5025 Mud Lane, Louisville,KY 40229, (502) 632-1400"
-85.542223,38.230083,"Zaxby's-Louisville,KY","807 Blankenbaker Parkway, Louisville,KY 40243, (502) 742-8600"
-88.31345,36.6287,"Zaxby's-Murray,KY","1209 North 12th Street, Murray,KY 42071, (270) 761-3333"
-84.565152,37.904391,"Zaxby's-Nicholasville,KY","200 North Plaza Dr, Nicholasville,KY 40356, (859) 887-9292"
-87.124824,37.719962,"Zaxby's-Owensboro,KY","5030 Frederica Street, Owensboro,KY 42301, (270) 691-6166"
-88.7047827,37.0714324,"Zaxby's-Paducah,KY","5276 US 60 W, Paducah,KY 42001, (270) 557-7513"
-84.270564,37.737251,"Zaxby's-Richmond,KY","1111 Kim Kent Dr, Richmond,KY 40475, (859) 624-9722"
-85.258377,38.214869,"Zaxby's-Shelbyville,KY","4455 Freedom's Way, Shelbyville,KY 40065, (502) 633-1150"
-85.7068847,37.9987621,"Zaxby's-Shepherdsville,KY","539 Conestoga Pkwy, Shepherdsville,KY 40165, (706) 353-8107"
-85.3469925,38.2114906,"Zaxby's-Simpsonville,KY","795 Front Gate Rd, Simpsonville,KY 40067, (502) 405-3062"
-84.6211853,37.0660362,"Zaxby's-Somerset,KY","2039 S Highway 27, Somerset,KY 42501, (606) 416-5495"
-91.0505219,30.4262238,"Zaxby's-Baton Rouge,LA","13770 Millerville Greens Blvd, Baton Rouge,LA 70816, (225) 910-8450"
-91.0097048,30.36897,"Zaxby's-Baton Rouge,LA","9669 Antioch Rd, Baton Rouge,LA 70817, (706) 614-3218"
-93.6597569,32.4570371,"Zaxby's-Bossier City,LA","4980 Barksdale Blvd, Bossier City,LA 71112, (318) 584-7117"
-93.718286,32.5278374,"Zaxby's-Bossier City,LA","870 Benton Rd, Bossier City,LA 71111, (318) 584-7106"
-90.9558555,30.561972,"Zaxby's-Denham Springs,LA","34071 La Hey 16, Denham Springs,LA 70706, (225) 667-2717"
-90.9405957,30.210789,"Zaxby's-Gonzales,LA","1908 W Hwy 30, Gonzales,LA 70737, (225) 450-6996"
-90.91232,30.23538,"Zaxby's-Gonzales,LA","437 N Airline Hwy, Gonzales,LA 70737, (225) 450-1939"
-90.4827627,30.4976295,"Zaxby's-Hammond,LA","370 S Morrison Blvd, Hammond,LA 70403, (985) 542-0715"
-92.0785604,32.5377099,"Zaxby's-Monroe,LA","1608 Sterlington Rd, Monroe,LA 71203, (318) 537-9126"
-92.651668,32.5392287,"Zaxby's-Ruston,LA","1103 South Service Rd West, Ruston,LA 71270, (318) 202-5862"
-93.83672,32.59941,"Zaxby's-Shreveport,LA","5706 N Market St, Shreveport,LA 71107, (318) 489-4271"
-93.7166824,32.4383125,"Zaxby's-Shreveport,LA","7320 Youree Dr, Shreveport,LA 71105, (318) 220-4138"
-93.8171361,32.3854335,"Zaxby's-Shreveport,LA","9619 Mansfield Rd, Shreveport,LA 71118, (318) 606-5332"
-92.191916,32.516813,"Zaxby's-West Monroe,LA","145 Wallace Dean Rd, West Monroe,LA 71291, (318) 512-4183"
-91.1419733,30.6488876,"Zaxby's-Zachary,LA","5900 Main St, Zachary,LA 70791, (225) 654-4321"
-89.5800877,37.3013726,"Zaxby's-Cape Girardeau,MO","407 Cape W Pkwy, Cape Girardeau,MO 63703, (573) 332-0024"
-92.294296,38.936169,"Zaxby's-Columbia,MO","1411 Cinnamon Hill Ave, Columbia,MO 65201, (573) 442-2525"
-94.451452,39.267553,"Zaxby's-Kansas City,MO","10430 Ne Cookingham Dr, Kansas City,MO 64157, (573) 964-9033"
-94.548181,39.188437,"Zaxby's-Kansas City,MO","5201 Ne Antioch Rd, Kansas City,MO 64119, (816) 326-8724  "
-92.6357344,38.1382093,"Zaxby's-Osage Beach,MO","4828 Osage Beach Pkwy, Osage Beach,MO 65065, (573) 964-9033"
-89.5807603,36.8671949,"Zaxby's-Sikeston,MO","1057 S Main St, Zaxby's,MO 63801, (573) 471-2448"
-93.2300777,37.1804126,"Zaxby's-Springfield,MO","3220 E Sunshine St, Springfield,MO 65804, (417) 368-0423"
-93.298015,37.132433,"Zaxby's-Springfield,MO","540 W El Camino Alto St, Springfield,MO 65810, (417) 823-9744"
-93.7377167,38.78411,"Zaxby's-Warrensburg,MO","322 Hawthorne Blvd, Warrensburg,MO 64093, (417) 368-0423"
-89.918644,34.307665,"Zaxby's-Batesville,MS","101 Medical Center Drive, Batesville,MS 38606, (662) 561-0338"
-90.4689105,31.5790309,"Zaxby's-Brookhaven,MS","968 Brookway Blvd, Brookhaven,MS 39601, (601) 833-9121  "
-90.7129017,33.75736,"Zaxby's-Cleveland,MS","804 N Davis Ave, Cleveland,MS 38732, (662) 579-3043"
-89.648038,32.344287,"Zaxby's-Clinton,MS","99 Hwy 80 East, Clinton,MS 39056, (601) 925-5838"
-88.43429,33.514724,"Zaxby's-Columbus,MS","1729 Highway 45 North, Columbus,MS 39705, (662) 327-4606"
-88.5397377,34.9308754,"Zaxby's-Corinth,MS","1601 Hwy 72, Corinth,MS 38834, (662) 594-1072"
-88.905611,30.455194,"Zaxby's-Dieberville,MS","4032 Promenade Pkwy, Diberville,MS 39540, (228) 207-1073"
-90.062665,32.341215,"Zaxby's-Flowood,MS","115 Promenade Blvd, Flowood,MS 39232, (601) 919-0801"
-89.8344842,33.7845674,"Zaxby's-Grenada,MS","1657 Sunset Dr, Grenada,MS 38901, (662) 234-1024"
-89.0999968,30.4523167,"Zaxby's-Gulfport,MS","11383 Highway 49, Gulfport,MS 39503, (662) 301-8538"
-89.355488,31.324388,"Zaxby's-Hattiesburg,MS","4520 Hardy St, Hattiesburg,MS 39402, (601) 264-5254"
-89.972077,34.822809,"Zaxby's-Hernando,MS","2575 Mcingvale Road, Hernando,MS 38632, (662) 429-9949"
-90.0045,34.96226,"Zaxby's-Horn Lake,MS","761 Goodman Rd W, Horn Lake,MS 38637, (662) 349-8585"
-90.143817,32.396094,"Zaxby's-Jackson,MS","6330 Ridgewood Court Dr, Jackson,MS 39211, (601) 952-0662"
-90.1324492,32.4645004,"Zaxby's-Madison,MS","154 Grandview Blvd, Madison,MS 39110, (601) 898-1117"
-90.478181,31.245161,"Zaxby's-McComb,MS","205 Anna Dr, McComb,MS 39648, (601) 465-0799"
-89.0275249,34.4891451,"Zaxby's-New Albany,MS","450 Park Plaza Dr, New Albany,MS 38652, (662) 539-7403"
-89.85612,34.9652,"Zaxby's-Olive Branch,MS","7480 Commerce Dr, Olive Branch,MS 38654, (662) 895-2745"
-89.566215,34.36188,"Zaxby's-Oxford,MS","2574 W Jackson Ave, Oxford,MS 38655, (662) 234-1024"
-89.2311345,31.3500946,"Zaxby's-Petal,MS","1122 Evelyn Gandy Pkwy, Petal,MS 39465, (601) 336-8408"
-89.9594188,34.6196077,"Zaxby's-Senatobia,MS","302 E Main St, Senatobia,MS 38668, (662) 301-8538"
-89.93674,34.957684,"Zaxby's-Southaven,MS","6676 Getwell Rd, Southaven,MS 38671, (662) 253-8501"
-88.838815,33.448857,"Zaxby's-Starkville,MS","829 Hwy 12, Starkville,MS 39759, (662) 320-9003"
-88.702931,34.315515,"Zaxby's-Tupelo,MS","1013 Barnes Crossing Rd, Tupelo,MS 38804, (662) 350-3062"
-80.17798,35.34348,"Zaxby's-Albemarle,NC","701 Leonard Ave, Albemarle,NC 28001, (704) 982-4440"
-78.832191,35.747382,"Zaxby's-Apex,NC","1171 Pine Plaza Dr, Apex,NC 27523, (919) 746-9270  "
-79.94603,35.89996,"Zaxby's-Archdale,NC","10401 S Main St, Archdale,NC 27263, (336) 991-5756"
-79.792539,35.695447,"Zaxby's-Asheboro,NC","1205 East Dixie Dr, Asheboro,NC 27203, (336) 629-5009"
-82.466223,35.583563,"Zaxby's-Asheville,NC","1333 Tunnel Rd, Asheville,NC 28805, (828) 298-1333"
-82.526604,35.511877,"Zaxby's-Asheville,NC","1650 Hendersonville Rd, Asheville,NC 28803, (828) 277-2228"
-82.622474,35.600136,"Zaxby's-Asheville,NC","330 New Leicester Highway, Asheville,NC 28806, (828) 575-2160"
-82.640078,35.557241,"Zaxby's-Asheville,NC","425 Smokey Park Hwy, Asheville,NC 28806, (828) 633-6101"
-80.4384232,36.0057831,"Zaxby's-Bermuda Run,NC","5337 US Hwy 158, Bermuda Run,NC 27006, (336) 941-9051"
-81.6664276,36.2103767,"Zaxby's-Boone,NC","545 Highway 105 Extension, Boone,NC 28607, (828) 266-3477"
-83.619299,36.019319,"Zaxby's-Brevard,NC","205 Asheville Hwy, Brevard,NC 28712, (828) 884-7071"
-79.4972468,36.0698262,"Zaxby's-Burlington,NC","3117 Garden Rd, Burlington,NC 17125, (336) 524-6150"
-79.0336671,35.2539005,"Zaxby's-Cameron,NC","80 Brandywood Ct, Cameron,NC 28326, (910) 436-5700"
-78.782944,35.803218,"Zaxby's-Cary,NC","1021 North Harrison Avenue, Cary,NC 27513, (919) 481-2070"
-80.734233,35.141166,"Zaxby's-Charlotte,NC","1930 Sardis Rd North, Charlotte,NC 28270, (704) 847-7909"
-80.798321,35.334361,"Zaxby's-Charlotte,NC","6340 Sugar Creek Rd, Charlotte,NC 28269, (704) 494-4360"
-80.924424,35.151806,"Zaxby's-Charlotte,NC","7508 S Tryon St, Charlotte,NC 28273, (704) 665-6316"
-80.7620142,35.2924613,"Zaxby's-Charlotte,NC","8334 IKEA Blvd, Charlotte,NC 28262, (704) 596-1320"
-80.6939732,35.2114458,"Zaxby's-Charlotte,NC","8905 Albemarle Rd, Charlotte,NC 28227, (704) 910-4088"
-80.970169,35.1640853,"Zaxby's-Charlotte,NC","9308 Robert Irwin Dr, Charlotte,NC 28278, (704) 587-9679"
-78.475166,35.654717,"Zaxby's-Clayton,NC","12857 Us Hwy 70 West, Clayton,NC 27520, (919) 359-6100"
-80.59873,35.4471,"Zaxby's-Concord,NC","355 Copperfield Blvd Ne, Concord,NC 28025, (704) 782-3663"
-80.6673228,35.3669308,"Zaxby's-Concord,NC","3915 Concord Pkwy South, Concord,NC 28027, (704) 721-0592"
-80.710455,35.367626,"Zaxby's-Concord,NC","7781 Gateway Ln, Concord,NC 28027, (704) 979-6030"
-81.208843,35.725779,"Zaxby's-Conover,NC","1233 Highway 16 North, Conover,NC 28613, (828) 464-0846"
-81.0019579,35.449115,"Zaxby's-Denver,NC","7179 Nc 73 Hwy, Denver,NC 28037, (980) 222-6006"
-78.9505005,36.021759,"Zaxby's-Durham,NC","3520 Hillsborough Rd, Durham,NC 27705, (919) 973-5693"
-78.900077,36.041564,"Zaxby's-Durham,NC","3820 North Roxboro Street, Durham,NC 27704, (919) 251-9650"
-78.8497,35.88147,"Zaxby's-Durham,NC","5303 S Miami Blvd, Durham,NC 27703, (919) 474-0010"
-78.92281,35.9477515,"Zaxby's-Durham,NC","920 Martin Luther King Pkwy, Durham,NC 27713, (919) 248-2910"
-76.2930161,36.2947419,"Zaxby's-Elizabeth City,NC","3880 Conlon Way, Elizabeth City,NC 27909, (252) 333-1566"
-80.8362121,36.2770278,"Zaxby's-Elkin,NC","540 CC Camp Rd, Elkin,NC 28621, (336) 258-8180"
-78.650736,35.324902,"Zaxby's-Erwin,NC","501 East Jackson Boulevard, Erwin,NC 28339, (910) 892-3964"
-78.937564,35.039692,"Zaxby's-Fayetteville,NC","1405 Walter Reed Rd, Fayetteville,NC 28304, (910) 223-1111"
-78.9760053,35.046768,"Zaxby's-Fayetteville,NC","2166 Skibo Rd, Fayetteville,NC 28314, (910) 263-8004"
-78.8802185,35.122139,"Zaxby's-Fayetteville,NC","4503 Ramsey St, Fayetteville,NC 28311, (910) 491-0618"
-79.063278,35.031097,"Zaxby's-Fayetteville,NC","9556 Cliffdale Rd, Fayetteville,NC 28304, (910) 491-7100"
-82.40541,35.298263,"Zaxby's-Flat Rock,NC","30 Mcmurry Rd, Flat Rock,NC 28731, (828) 697-7277"
-81.894941,35.333862,"Zaxby's-Forest City,NC","217 Plaza Dr, Forest City,NC 28043, (828) 286-4141"
-83.391713,35.153914,"Zaxby's-Franklin,NC","1381 Georgia Rd, Franklin,NC 28734, (828) 369-5255"
-78.776996,35.592011,"Zaxby's-Fuquay Varina,NC","1341 N Main St, Fuquay Varina,NC 27526, (919) 552-3981"
-78.5804749,35.6510849,"Zaxby's-Garner,NC","20 Eagle Wing Way, Garner,NC 27529, (919) 773-0061"
-81.22159,35.25853,"Zaxby's-Gastonia,NC","2201 W Franklin Blvd, Gastonia,NC 28052, (980) 888-4426"
-81.18722,35.29269,"Zaxby's-Gastonia,NC","2430 N Chester St, Gastonia,NC 28052, (980) 320-1241"
-81.117802,35.258074,"Zaxby's-Gastonia,NC","3460 E Franklin Blvd, Gastonia,NC 28056, (704) 862-0909"
-77.952665,35.371522,"Zaxby's-Goldsboro,NC","104 North Berkeley Boulevard, Goldsboro,NC 27534, (919) 288-2933"
-79.400485,36.062204,"Zaxby's-Graham,NC","501 South Main Street, Graham,NC 27253, (336) 226-4330"
-79.791328,36.002289,"Zaxby's-Greensboro,NC","100 Bantiff Way, Greensboro,NC 27406, (336) 378-6001"
-79.874157,36.117137,"Zaxby's-Greensboro,NC","1657 New Garden Road, Greensboro,NC 27410, (336) 854-0415"
-79.7550354,36.1114044,"Zaxby's-Greensboro,NC","2111 Pyramid Village Blvd, Greensboro,NC 27405, (336) 375-4500"
-79.8256872,36.1049654,"Zaxby's-Greensboro,NC","2502 Battleground Ave, Greensboro,NC 27408, (336) 617-3742"
-79.8753662,36.0110703,"Zaxby's-Greensboro,NC","3501 W Gate City Blvd, Greensboro,NC 27407, (336) 808-5819"
-79.86548,36.0708,"Zaxby's-Greensboro,NC","4630 W Market St, Greensboro,NC 27377, (336) 323-2602"
-77.428423,35.594393,"Zaxby's-Greenville,NC","1098 Allen Road, Greenville,NC 27834, (252) 752-4754"
-77.354705,35.566148,"Zaxby's-Greenville,NC","2035 East Fire Tower Rd, Greenville,NC 27858, (252) 353-4445"
-80.645503,35.324171,"Zaxby's-Harrisburg,NC","6701 Kee Lane, Harrisburg,NC 28075, (704) 455-5788"
-82.434767,35.347083,"Zaxby's-Hendersonville,NC","67 Highlands Square Dr, Hendersonville,NC 28792, (828) 693-4566"
-81.312439,35.711317,"Zaxby's-Hickory,NC","1330 Lenoir Rhyne Blvd Se, Hickory,NC 28602, (828) 324-2210"
-81.2882059,35.7511298,"Zaxby's-Hickory,NC","2383 Springs Rd NE, Hickory,NC 28601, (828) 256-6001"
-80.02066,35.978674,"Zaxby's-High Point,NC","1827 North Main St, High Point,NC 27262, (336) 307-2552"
-79.962748,36.03217,"Zaxby's-High Point,NC","3895 Brian Jordan Place, High Point,NC 27265, (336) 812-3838"
-78.8613739,35.6045456,"Zaxby's-Holly Springs,NC","101 Grand Hill Place, Holly Springs,NC 27540, (919) 762-0432"
-78.964333,34.984141,"Zaxby's-Hope Mills,NC","3015 North Main St, Hope Mills,NC 28348, (910) 429-3004"
-80.865342,35.440704,"Zaxby's-Huntersville,NC","16601 Statesville Rd, Huntersville,NC 28078, (704) 997-6228"
-80.657284,35.0809188,"Zaxby's-Indian Trail,NC","13967 Independence E Blvd, Indian Trail,NC 28079, (704) 684-0120"
-77.3750992,34.8292313,"Zaxby's-Jacksonville,NC","4120 Western Blvd Extension, Jacksonville,NC 28546, (910) 238-2450"
-80.6770935,35.4216614,"Zaxby's-Kannapolis,NC","6044 Glen Afton Blvd, Kannapolis,NC 28027, (704) 721-0569"
-80.066117,36.1149949,"Zaxby's-Kernesville,NC","110 Pineview Court, Kernersville,NC 27284, (336) 497-4222"
-80.3651052,36.2637765,"Zaxby's-King,NC","212 Ingram Dr, King,NC 27021, (336) 985-6800"
-78.4825,35.7867,"Zaxby's-Knightdale,NC","6702 Hwy 64 E, Knightdale,NC 27545, (919) 261-9995"
-79.4818354,34.7653998,"Zaxby's-Laurinburg,NC","905 US Hwy 401 S, Laurinburg,NC 28352, (910) 277-3703"
-81.5273285,35.9272957,"Zaxby's-Lenoir,NC","905 Blowing Rock Blvd, Lenoir,NC 28645, (828) 758-8229"
-80.261025,35.785388,"Zaxby's-Lexington,NC","1425 Cotton Grove Rd, Lexington,NC 27292, (336) 238-2900"
-78.801904,35.41981,"Zaxby's-Lillington,NC","1665 North Main Street, Lillington,NC 27546, (910) 814-1665"
-81.245397,35.47497,"Zaxby's-Lincolnton,NC","922 E Main Street, Lincolnton,NC 28092, (704) 735-7767"
-78.3179095,36.083843,"Zaxby's-Louisburg,NC","790 Retail Way, Louisburg,NC 27549, (919) 340-2445"
-79.001023,34.664691,"Zaxby's-Lumberton,NC","5011 Fayetteville Rd, Lumberton,NC 28358, (910) 608-3282"
-82.0185968,35.669697,"Zaxby's-Marion,NC","1192 W Henderson St, Marion,NC 28752, (828) 659-9966"
-79.270151,36.068521,"Zaxby's-Mebane,NC","1316 Mebane Oaks Road, Mebane,NC 27302, (919) 304-1260"
-80.6619034,35.1708488,"Zaxby's-Mint Hill,NC","6911 Brighton Park Dr, Mint Hill,NC 28227, (704) 573-0607"
-80.561304,35.008359,"Zaxby's-Monroe,NC","2232 West Roosevelt Boulevard, Monroe,NC 28110, (704) 283-0100"
-80.8504593,35.5922625,"Zaxby's-Mooresville,NC","288 West Plaza Dr, Mooresville,NC 28117, (704) 660-2255"
-76.7911774,34.734673,"Zaxby's-Morehead City,NC","4970 Arendell St, Morehead City,NC 28557, (252) 773-0498"
-81.666337,35.728332,"Zaxby's-Morganton,NC","2102 S Sterling Street, Morganton,NC 28655, (828) 433-5151"
-84.065979,35.056997,"Zaxby's-Murphy,NC","826 Us Hwy 64, Murphy,NC 28906, (828) 835-3331"
-77.9838104,36.0068512,"Zaxby's-Nashville,NC","101 E Evans Dr, Nashville,NC 27856, (252) 459-9511"
-77.099174,35.101013,"Zaxby's-New Bern,NC","2006 South Glenburnie Rd, New Bern,NC 28562, (252) 633-3337"
-78.675316,35.789212,"Zaxby's-Raleigh,NC","2901 Hillsborough Street, Raleigh,NC 27607, (919) 832-7707"
-78.652746,35.722869,"Zaxby's-Raleigh,NC","4150 Fayetteville Rd, Raleigh,NC 27603, (919) 661-7772"
-78.657544,35.903246,"Zaxby's-Raleigh,NC","8812 Harvest Oaks Drive, Raleigh,NC 27615, (919) 847-8151"
-77.6323765,36.4314969,"Zaxby's-Roanoke Rapids,NC","1907 Julian R Allsbrook Hwy, Roanoke Rapids,NC 27870, (252) 533-2589"
-79.7342024,34.9154386,"Zaxby's-Rockingham,NC","729 Us Hwy 74 East, Rockingham,NC 28379, (910) 205-8943"
-77.806869,35.977917,"Zaxby's-Rocky Mount,NC","1410 Jefferys Rd, Rocky Mount,NC 27804, (252) 212-1703"
-80.4824105,35.6432449,"Zaxby's-Salisbury,NC","1030 Jake Alexander Blvd W, Salisbury,NC 28147, (704) 603-4467"
-80.458233,35.652081,"Zaxby's-Salisbury,NC","301 Faith Rd, Salisbury,NC 28146, (704) 639-9929"
-79.1307288,35.4475647,"Zaxby's-Sanford,NC","3220 Nc 87 Hwy South, Sanford,NC 27332, (919) 777-7269"
-78.383955,33.974768,"Zaxby's-Shallote,NC","4736 Main St, Shallotte,NC 28470, (910) 754-3500"
-81.483872,35.267559,"Zaxby's-Shelby,NC","2005 E Dixon Blvd, Shelby,NC 28152, (704) 487-8700"
-78.3261526,35.5060215,"Zaxby's-Smithfield,NC","130 Smithfield Crossing Dr, Smithfield,NC 27577, (919) 938-1700"
-79.424,35.1672,"Zaxby's-Southern Pines,NC","160 Partner Circle, Southern Pines,NC 28387, (910) 684-8496"
-78.9720432,35.1673618,"Zaxby's-Spring Lake,NC","130 S 3rd St, Spring Lake,NC 28390, (910) 568-5238"
-80.876022,35.812109,"Zaxby's-Statesville,NC","169 Turnersburg Hwy, Statesville,NC 28625, (704) 873-1263"
-83.209885,35.372982,"Zaxby's-Sylva,NC","284 East Main Street, Sylva,NC 28779, (828) 631-3100"
-80.073616,35.8558846,"Zaxby's-Thomasville,NC","1148 Randolph St, Thomasville,NC 27360, (336) 313-8636"
-78.54694,35.9766653,"Zaxby's-Wake Forest,NC","995 Durham Road, Wake Forest,NC 27587, (919) 435-0387"
-80.1342926,36.1638184,"Zaxby's-Walkertown,NC","5211 Walkertown Commons Circle, Walkertown,NC 27051, (336) 595-4522"
-77.9395447,34.7585373,"Zaxby's-Wallace,NC","107 Tobacco Dr, Wallace,NC 28466, (910) 552-0151"
-77.060721,35.559776,"Zaxby's-Washington,NC","1400 Carolina Ave, Washington,NC 27889, (252) 940-1418"
-82.987625,35.500735,"Zaxby's-Waynesville,NC","424 Russ Ave, Waynesville,NC 28786, (828) 456-2888"
-82.565556,35.703496,"Zaxby's-Weaverville,NC","60 Weaver Blvd, Weaverville,NC 28787, (828) 484-8523"
-78.7086219,34.3440083,"Zaxby's-Whiteville,NC","10 Northfield Ctr, Whiteville,NC 28472, (910) 640-1887"
-79.6101772,36.0627605,"Zaxby's-Whitsett,NC","1100 Sedalia Crossing Ln, Whitsett,TN 37924, (336) 446-6522"
-81.1947289,36.1502606,"Zaxby's-Wilkesboro,NC","1830 West US Hwy 421, Wilkesboro,NC 28697, (336) 838-0030"
-77.8941,34.175735,"Zaxby's-Wilmington,NC","4409 S 17th St, Wilmington,NC 28412, (252) 940-1418"
-77.830905,34.263426,"Zaxby's-Wilmington,NC","6811 Gordon Rd, Wilmington,NC 28411, (910) 392-7000"
-77.9577264,35.7391933,"Zaxby's-Wilson,NC","3019 Raleigh Road Pkwy, Wilson,NC 27896, (252) 991-6444"
-80.2596791,36.0448007,"Zaxby's-Winston Salem,NC","3179 Peters Creek Pkwy, Winston Salem,NC 27127, (336) 997-9188"
-80.1988297,36.1112862,"Zaxby's-Winston Salem,NC","3840 Oxford Station Way, Winston Salem,NC 27101, (336) 659-1267"
-80.2741089,36.1898499,"Zaxby's-Winston Salem,NC","430 Summit Square, Winston Salem,NC 27105, (336) 377-1028"
-77.405422,35.550427,"Zaxby's-Winterville,NC","4135 South Memorial Drive, Winterville,NC 28590, (252) 215-5806"
-97.3710008,35.4418143,"Zaxby's-Midwest City,OK","2317 S Douglas Blvd, Midwest City,OK 73130, (405) 455-3200"
-97.488945,35.313775,"Zaxby's-Moore,OK","2720 S Service Rd, Moore,OK 73160, (405) 793-2186"
-97.7025613,35.3916051,"Zaxby's-Mustang,OK","1084 East State Hwy 152, Mustang,OK 73064, (405) 256-6331"
-95.8306808,36.2790108,"Zaxby's-Owasso,OK","12807 E 86Th St N, Owasso,OK 74055, (918) 928-4242"
-95.9219906,36.137465,"Zaxby's-Tulsa,OK","1717 S Yale Ave, Tulsa,OK 74112, (539) 215-5920"
-95.868395,36.062509,"Zaxby's-Tulsa,OK","6995 South Mingo Rd, Tulsa,OK 74133, (918) 893-2277"
-97.618568,35.549766,"Zaxby's-Warr Acres,OK","5859 NW Expressway, Warr Acres,OK 73132, (405) 603-8190"
-81.7640533,33.564827,"Zaxby's-Aiken,SC","130 University Pkwy, Aiken,SC 29801, (803) 642-0073"
-81.723427,33.529671,"Zaxby's-Aiken,SC","1725 Whiskey Rd, Aiken,SC 29803, (803) 643-8855"
-82.632299,34.533291,"Zaxby's-Anderson,SC","1660 E Greenville Street, Anderson,SC 29621, (864) 225-5223"
-82.682049,34.554344,"Zaxby's-Anderson,SC","3800 Clemson Blvd, Anderson,SC 29621, (864) 222-0158"
-82.68198,34.55493,"Zaxby's-Anderson,SC","3800 Clemson Blvd, Anderson,SC 29621, (864) 222-0158"
-82.669097,34.485393,"Zaxby's-Anderson,SC","652 Hwy 28 Bypass, Anderson,SC 29624, (864) 716-0160"
-81.525681,33.911854,"Zaxby's-Batesville/Leesville,SC","139 East Columbia Ave, Batesville/Leesville,SC 29070, (803) 532-2440"
-80.719908,32.429638,"Zaxby's-Beaufort,SC","210 Robert Smalls Pkwy, Beaufort,SC 29906, (843) 379-2100"
-80.27708,34.198234,"Zaxby's-Bishopville,SC","1042 Sumter Hwy, Bishopville,SC 29010, (803) 428-6454"
-80.860387,32.237147,"Zaxby's-Bluffton,SC","21 Baylor Brook Dr, Bluffton,SC 29910, (843) 705-3443"
-80.646988,34.249637,"Zaxby's-Camden,SC","2222 W Dekalb St, Camden,SC 29020, (803) 432-4252"
-81.062123,33.982174,"Zaxby's-Cayce,SC","821 Knox Abbot Dr, Cayce,SC 29033, (803) 791-5200"
-79.968464,32.730087,"Zaxby's-Charleston,SC","1018 Folly Rd, Charleston,SC 29412, (843) 762-1919"
-80.021886,32.798983,"Zaxby's-Charleston,SC","1908 Sam Rittenberg Blvd, Charleston,SC 29407, (843) 769-2707"
-80.06625,32.820118,"Zaxby's-Charleston,SC","3476 Shelby Ray Ct, Charleston,SC 29414, (843) 763-0466"
-82.83769,34.691597,"Zaxby's-Clemson,SC","1059 Tiger Blvd, Clemson,SC 29631, (864) 653-6768"
-81.8467773,34.494832,"Zaxby's-Clinton,SC","18926 Highway 72 E, Clinton,SC 29325, (864) 547-1940"
-81.0822183,35.1221705,"Zaxby's-Clover,SC","143 Hwy 274, Clover,SC 29710, (803) 831-2634"
-80.856365,34.096348,"Zaxby's-Columbia,SC","101 Clemson Rd, Columbia,SC 29229, (803) 419-1599"
-80.879456,33.988214,"Zaxby's-Columbia,SC","1041 Sams Crossing, Columbia,SC 29229, (803) 419-2747"
-80.984977,34.013513,"Zaxby's-Columbia,SC","2001 North Beltline Boulevard, Columbia,SC 29204, (803) 787-2100"
-81.091536,34.030662,"Zaxby's-Columbia,SC","316 Bush River Rd, Columbia,SC 29210, (803) 772-9799"
-81.123084,34.044765,"Zaxby's-Columbia,SC","650 St Andrews Road, Columbia,SC 29210, (803) 772-8253"
-80.933108,33.956817,"Zaxby's-Columbia,SC","7713 Garners Ferry Rd, Columbia,SC 29206, (803) 776-9232"
-80.900149,34.107845,"Zaxby's-Columbia,SC","9840 Two Notch Rd, Columbia,SC 29229, (803) 462-0013"
-79.064734,33.84641,"Zaxby's-Conway,SC","1623 Church Street, Conway,SC 29526, (843) 488-2005"
-79.364,34.4136,"Zaxby's-Dillon,SC","706 George T Radford Blvd, Dillon,SC 29536, (843) 774-1734"
-82.101597,34.908617,"Zaxby's-Duncan,SC","1555 E Main St, Duncan,SC 29334, (864) 486-1500"
-82.57442,34.824306,"Zaxby's-Easley,SC","6015 Calhoun Memorial Hwy, Easley,SC 29641, (864) 855-0612"
-79.808832,34.192082,"Zaxby's-Florence,SC","2099 W Evans Street, Florence,SC 29501, (843) 665-5200"
-79.876621,34.292425,"Zaxby's-Florence,SC","2100 Florence Harllee Blvd, Florence,SC 29506, (843) 662-3900"
-79.805486,34.234728,"Zaxby's-Florence,SC","2211 W Lucas St, Florence,SC 29501, (843) 662-8600"
-79.769293,34.15185,"Zaxby's-Florence,SC","2298 South Irby Street, Florence,SC 29505, (843) 665-1444"
-80.969218,35.035043,"Zaxby's-Fort Mill,SC","1771 Pleasant Road, Fort Mill,SC 29708, (803) 548-0024"
-80.9336014,35.083149,"Zaxby's-Fort Mill,SC","3401 Hwy 21, Fort Mill,SC 29715, (803) 396-2100"
-82.1979696,34.6840022,"Zaxby's-Fountain Inn,SC","350 McCarter Rd, Fountain Inn,SC 29644, (864) 862-4400"
-81.66181,35.090032,"Zaxby's-Gaffney,SC","1526 W Floyd Baker Blvd, Gaffney,SC 29341, (864) 489-9291"
-80.052003,33.018988,"Zaxby's-Goose Creek,SC","433 St James Ave, Goose Creek,SC 29445, (843) 863-9000"
-82.289326,34.822772,"Zaxby's-Greenville,SC","1220 Woodruff Rd, Greenville,SC 29607, (864) 284-0067"
-82.405595,34.888099,"Zaxby's-Greenville,SC","1511 Poinsett Hwy, Greenville,SC 29609, (864) 421-0101"
-82.356459,34.838926,"Zaxby's-Greenville,SC","1903 Laurens Road, Greenville,SC 29607, (864) 370-1995"
-82.339874,34.898009,"Zaxby's-Greenville,SC","2707 Wade Hampton Blvd, Greenville,SC 29615, (864) 244-7722"
-82.486786,34.790192,"Zaxby's-Greenville,SC","3560 Highway 153, Greenville,SC 29611, (864) 295-2250"
-82.325625,34.874158,"Zaxby's-Greenville,SC","3830 E North Street, Greenville,SC 29615, (864) 268-6731"
-82.456721,34.854994,"Zaxby's-Greenville,SC","6169 White Horse Road, Greenville,SC 29611, (864) 295-3536"
-82.400135,34.839588,"Zaxby's-Greenville,SC","824 S Church Street, Greenville,SC 29601, (864) 232-2929"
-82.158493,34.216478,"Zaxby's-Greenwood,SC","1635 Bypass 72 Ne, Greenwood,SC 29649, (864) 943-2200"
-82.257746,34.87566,"Zaxby's-Greer,SC","807 S Batesville Rd, Greer,SC 29650, (864) 801-0822"
-82.250218,34.945149,"Zaxby's-Greer,SC","920 West Wade Hampton Blvd, Greer,SC 29651, (864) 968-0701"
-80.05982,34.357277,"Zaxby's-Hartsville,SC","1236 S Fourth Street, Hartsville,SC 29550, (843) 339-2600"
-80.7548447,32.1594315,"Zaxby's-Hilton Head,SC","1000 William Hilton Pkwy, Hilton Head,SC 29928, (843) 785-9292"
-80.8377705,34.9363947,"Zaxby's-Indian Land,SC","6222 Carolina Commons Dr, Indian Land,SC 29707, (803) 548-0007"
-82.08841,35.04177,"Zaxby's-Inman,SC","11910 Ashville Hwy, Inman,SC 29349, (864) 708-3211"
-81.175943,34.089098,"Zaxby's-Irmo,SC","1042 Lake Murray Blvd, Irmo,SC 29063, (803) 732-0011"
-80.753596,34.727213,"Zaxby's-Lancaster,SC","1210 Lancaster Bypass E, Lancaster,SC 29720, (803) 289-6131"
-81.985391,34.494892,"Zaxby's-Laurens,SC","400 Exchange Drive, Laurens,SC 29360, (864) 681-1316"
-81.22674,33.914066,"Zaxby's-Lexington,SC","1759 South Lake Drive, Lexington,SC 29073, (803) 996-6000"
-81.21358,34.000352,"Zaxby's-Lexington,SC","5400 Sunset Blvd, Lexington,SC 29072, (803) 356-2901"
-81.3064825,33.9931697,"Zaxby's-Lexington,SC","823 Hwy 378, Lexington,SC 29072, (803) 785-4000"
-80.239179,33.701488,"Zaxby's-Manning,SC","2819 Paxville Hwy, Manning,SC 29102, (803) 505-6777"
-79.369011,34.183134,"Zaxby's-Marion,SC","2427 E Hwy 76, Marion,SC 29571, (843) 423-7373"
-82.319707,34.775297,"Zaxby's-Mauldin,SC","403 West Butler Rd, Mauldin,SC 29662, (864) 281-9050"
-79.982966,33.208311,"Zaxby's-Moncks Corner,SC","507 N Hwy 52, Moncks Corner,SC 29461, (843) 482-0641"
-78.986682,33.652369,"Zaxby's-Myrtle Beach,SC","100 Strand Market Dr, Myrtle Beach,SC 29588, (843) 215-2025"
-78.870944,33.726219,"Zaxby's-Myrtle Beach,SC","3725 Oleander Drive, Myrtle Beach,SC 29577, (843) 839-4020"
-78.9661,33.758692,"Zaxby's-Myrtle Beach,SC","3858 Renee Dr, Myrtle Beach,SC 29579, (843) 236-7859"
-81.595358,34.282462,"Zaxby's-Newberry,SC","2804 Main St, Newberry,SC 29108, (803) 276-2722"
-80.8531265,33.8724251,"Zaxby's-North Augusta,SC","1025 Edgefield Rd, North Augusta,SC 29860, (803) 278-2366"
-81.957725,33.510647,"Zaxby's-North Augusta,SC","1671 Knox Ave, North Augusta,SC 29842, (803) 279-1390"
-80.0161079,32.8741575,"Zaxby's-North Charleston,SC","4845 Tanger Outlet Blvd, North Charleston,SC 29418, (843) 212-4700"
-80.030426,32.922084,"Zaxby's-North Charleston,SC","6924 Rivers Avenue, North Charleston,SC 29406, (843) 553-8945"
-80.108827,32.91458,"Zaxby's-North Charleston,SC","8419 Dorchester Rd, North Charleston,SC 29420, (843) 767-3637"
-80.065508,32.975962,"Zaxby's-North Charleston,SC","9141 University Blvd, North Charleston,SC 29406, (843) 764-3634"
-78.726831,33.802693,"Zaxby's-North Myrtle Beach,SC","3820 Highway 17 South, North Myrtle Beach,SC 29582, (843) 427-7253"
-80.885727,33.523684,"Zaxby's-Orangeburg,SC","2572 North Rd, Orangeburg,SC 29118, (803) 268-9988"
-80.823906,33.559946,"Zaxby's-Orangeburg,SC","3591 Saint Matthews Road, Orangeburg,SC 29118, (803) 531-1611"
-82.6898593,34.8688278,"Zaxby's-Pickens,SC","2631 Gentry Memorial Hwy, Pickens,SC 29671, (864) 507-0440"
-81.0390797,34.7473989,"Zaxby's-Richburg,SC","3009 Crenshaw Pkwy, Richburg,SC 29729, (803) 789-5200"
-80.984271,34.977258,"Zaxby's-Rock Hill,SC","2763 Home Depot Blvd, Rock Hill,SC 29730, (803) 985-5050"
-81.078142,34.975577,"Zaxby's-Rock Hill,SC","2889 Heckle Boulevard, Rock Hill,SC 29732, (803) 366-1550"
-81.96825,34.84142,"Zaxby's-Roebuck,SC","6177 Hwy 221, Roebuck,SC 29696, (864) 486-1959"
-82.995893,34.688644,"Zaxby's-Seneca,SC","1642 Sandifer Blvd, Seneca,SC 29678, (864) 882-0102"
-82.232189,34.807182,"Zaxby's-Simpsonville,SC","113 Batesville Rd, Simpsonville,SC 29681, (864) 234-1304"
-82.256978,34.709282,"Zaxby's-Simpsonville,SC","670 Fairview Rd, Simpsonville,SC 29680, (864) 962-8828"
-81.898056,34.964473,"Zaxby's-Spartanburg,SC","1601 E Main Street, Spartanburg,SC 29307, (864) 585-0800"
-81.984258,34.922705,"Zaxby's-Spartanburg,SC","1715 John B White, Spartanburg,SC 29301, (864) 576-1505"
-81.961205,35.017372,"Zaxby's-Spartanburg,SC","1910 Boiling Springs Rd, Spartanburg,SC 29316, (864) 814-7003"
-80.24027,33.01036,"Zaxby's-Summerville,SC","1625 Central Ave, Summerville,SC 29483, (843) 875-9400"
-80.1615,33.0465,"Zaxby's-Summerville,SC","320 Azalea Square Blvd, Summerville,SC 29483, (843) 851-9506"
-80.378655,33.953675,"Zaxby's-Sumter,SC","1128 Broad Street, Sumter,SC 29150, (803) 775-9464"
-80.382765,33.903625,"Zaxby's-Sumter,SC","2030 Mccray'S Mill Rd, Sumter,SC 29154, (803) 773-1500"
-82.4326248,34.9620857,"Zaxby's-Travelers Rest,SC","10 Benton Rd, Travelers Rest,SC 29690, (864) 834-5099"
-81.6391072,34.7293885,"Zaxby's-Union,SC","600 North Duncan Bypass, Union,SC 29379, (864) 427-0850"
-79.8220301,37.3636504,"Zaxby's-Walhalla,SC","3441 Blue Ridge Blvd, Walhalla,VA 23231, (864) 916-2545"
-80.844885,32.976332,"Zaxby's-Walterboro,SC","2046 Bells Hwy, Walterboro,SC 29488, (843) 538-5992"
-81.096923,33.983443,"Zaxby's-West Columbia,SC","2320 Augusta Rd, West Columbia,SC 29169, (803) 739-1300"
-82.034554,34.736469,"Zaxby's-Woodruff,SC","391 S Main St, Woodruff,SC 29388, (864) 476-5116"
-81.213267,34.985566,"Zaxby's-York,SC","867 East Liberty Street, York,SC 29745, (803) 628-1522"
-83.988647,35.768301,"Zaxby's-Alcoa,TN","1099 Hunters Crossing, Alcoa,TN 37701, (865) 980-9570"
-86.652648,36.049113,"Zaxby's-Antioch,TN","915 Bell Road, Antioch,TN 37013, (615) 717-1158"
-84.62149,35.453045,"Zaxby's-Athens,TN","1510 S Congress Pkwy, Athens,TN 37303, (423) 507-8787"
-86.7456818,36.0401192,"Zaxby's-Brentwood,TN","471 Old Hickory Blvd, Brentwood,TN 37027, (615) 333-9194"
-82.26104,36.59123,"Zaxby's-Bristol,TN","405 Pinnacle Pkwy, Bristol,TN 37620, (423) 764-4007"
-85.367636,35.020415,"Zaxby's-Chattanooga,TN","3105 Cummings Hwy, Chattanooga,TN 37419, (423) 661-7778"
-85.0201,35.4113,"Zaxby's-Chattanooga,TN","4815 Highway 58, Chattanooga,TN 37416, (423) 648-5866"
-85.327945,35.096228,"Zaxby's-Chattanooga,TN","623 Signal Mountain Road, Chattanooga,TN 37405, (423) 490-9913"
-80.440727,36.100737,"Zaxby's-Chattanooga,TN","7328 Shallowford Road, Chattanooga,TN 37421, (423) 499-2940"
-85.157139,35.012032,"Zaxby's-Chattanooga,TN","7643 East Brainerd Rd, Chattanooga,TN 37421, (423) 894-2445"
-87.411087,36.581591,"Zaxby's-Clarksville,TN","1694 Fort Campbell Boulevard, Clarksville,TN 37042, (931) 648-9353"
-87.304028,36.57455,"Zaxby's-Clarksville,TN","2119 Lowes Dr, Clarksville,TN 37040, (931) 552-7141"
-87.3180498,36.6238361,"Zaxby's-Clarksville,TN","3872 Trenton Rd, Clarksville,TN 37040, (931) 551-8356"
-84.881141,35.189865,"Zaxby's-Cleveland,TN","1430 Nw 25th St, Cleveland,TN 37311, (423) 479-4562"
-84.866661,35.127769,"Zaxby's-Cleveland,TN","2481 Treasury Dr Se, Cleveland,TN 37323, (423) 559-2858"
-84.084467,36.164688,"Zaxby's-Clinton,TN","109 Buffalo Road, Clinton,TN 37716, (865) 457-2627"
-89.7326656,35.048564,"Zaxby's-Collierville,TN","3671 S Houston Levee Rd, Collierville,TN 38017, (901) 316-5550"
-89.687662,35.051016,"Zaxby's-Collierville,TN","375 New Byhalia Rd, Collierville,TN 38017, (901) 850-5103"
-87.045433,35.590105,"Zaxby's-Columbia,TN","222 S James Campbell Blvd, Columbia,TN 38401, (931) 388-5522"
-85.4611511,36.1828804,"Zaxby's-Cookeville,TN","320 Big Mac Dr, Cookeville,TN 38506, (931) 537-3388"
-85.513078,36.15462,"Zaxby's-Cookeville,TN","395 W Jackson Street, Cookeville,TN 38501, (931) 372-1700"
-89.7275097,35.1574959,"Zaxby's-Cordova,TN","1180 N Houston Levee Rd, Cordova,TN 38018, (901) 208-8780"
-89.794043,35.16433,"Zaxby's-Cordova,TN","1420 N Germantown Parkway, Cordova,TN 38016, (901) 624-9497"
-89.665478,35.543519,"Zaxby's-Covington,TN","1639 Hwy 51 South, Covington,TN 38019, (901) 313-9011"
-85.038411,35.982232,"Zaxby's-Crossville,TN","2540 North Main St, Crossville,TN 38555, (931) 456-8500"
-85.0272981,35.477179,"Zaxby's-Dayton,TN","300 Able Dr, Dayton,TN 37321, (423) 428-8282"
-87.3428,36.0449,"Zaxby's-Dickson,TN","102 Lowes Drive, Dickson,TN 37055, (615) 441-3636"
-82.231632,36.351456,"Zaxby's-Elizabethton,TN","633 West Elk Avenue, Elizabethton,TN 37643, (423) 543-0021"
-84.1705466,35.8959295,"Zaxby's-Farragut,TN","11636 Parkside Drive, Farragut,TN 37934, (865) 671-1222"
-86.566023,35.127954,"Zaxby's-Fayetteville,TN","1511 Huntsville Hwy, Fayetteville,TN 37334, (931) 227-4999"
-83.725653,38.162236,"Zaxby's-Franklin,TN","1108 Hillsboro Road, Franklin,TN 37064, (615) 595-6404"
-86.832116,35.915803,"Zaxby's-Franklin,TN","1201 Murfreesboro Road, Franklin,TN 37067, (615) 790-0210"
-86.47233,36.376855,"Zaxby's-Gallatin,TN","580 Village Green Drive, Gallatin,TN 37066, (615) 451-2992"
-82.768065,36.184656,"Zaxby's-Greeneville,TN","3280 E Andrew Johnson Blvd, Greeneville,TN 37745, (423) 638-4103"
-84.5513229,35.889946,"Zaxby's-Harriman,TN","2022 Roane State Hwy, Harriman,TN 37748, (865) 376-4711"
-86.600126,36.318802,"Zaxby's-Hendersonville,TN","118 North Anderson Lane, Hendersonville,TN 37075, (615) 264-9074"
-86.6188889,36.1990166,"Zaxby's-Hermitage,TN","4115 Lebanon Pike, Hermitage,TN 37076, (615) 454-2045"
-85.242149,35.133767,"Zaxby's-Hixson,TN","5013 Hixson Pike, Hixson,TN 37343, (423) 875-0230"
-84.1653,36.3181,"Zaxby's-Jacksboro,TN","125 Mount Perkins Ln, Jacksboro,TN 37757, (423) 566-4777"
-88.849251,35.668781,"Zaxby's-Jackson,TN","1155 Vann Drive, Jackson,TN 38305, (731) 256-8493"
-88.81546,35.57059,"Zaxby's-Jackson,TN","1543 S Highland Ave, Jackson,TN 38301, (731) 300-3668"
-88.853468,35.689628,"Zaxby's-Jackson,TN","222 Oil Well Rd, Jackson,TN 38305, (731) 300-4090"
-83.471577,36.124642,"Zaxby's-Jefferson City,TN","508 E Broadway Blvd, Jefferson City,TN 37760, (865) 471-5511"
-82.378896,36.301084,"Zaxby's-Johnson City,TN","1823 W State Of Franklin Rd, Johnson City,TN 37604, (423) 975-0100"
-82.375437,36.341101,"Zaxby's-Johnson City,TN","2111 North Roan St, Johnson City,TN 37601, (423) 610-0022"
-82.494114,36.549856,"Zaxby's-Kingsport,TN","2616 East Stone Drive, Kingsport,TN 37660, (423) 247-4928"
-84.1629291,35.9453539,"Zaxby's-Knoxville,TN","10806 Hardin Valley Rd, Knoxville,TN 37932, (865) 210-8338"
-84.087323,35.91414,"Zaxby's-Knoxville,TN","158 N Cedar Bluff Rd, Knoxville,TN 37923, (865) 394-9542"
-83.937666,35.954203,"Zaxby's-Knoxville,TN","2024 Cumberland Avenue, Knoxville,TN 37916, (865) 545-4416"
-73.0092316,40.9569397,"Zaxby's-Knoxville,TN","2936 Miller Place Way, Knoxville,SC 29376, (865) 281-3669"
-83.9260178,36.0723953,"Zaxby's-Knoxville,TN","4020 Crippen Rd, Knoxville,TN 37918, (865) 377-3848"
-83.98512,36.004972,"Zaxby's-Knoxville,TN","5567 Clinton Hwy, Knoxville,TN 37912, (865) 770-3501"
-84.020927,35.932819,"Zaxby's-Knoxville,TN","6913 Kingston Pike, Knoxville,TN 37919, (865) 474-1385"
-84.0851679,35.9120207,"Zaxby's-Knoxville,TN","9143 Kingston Pike, Knoxville,TN 37923, (865) 394-9542"
-89.760152,35.204882,"Zaxby's-Lakeland,TN","9104 Hwy 64, Lakeland,TN 38002, (901) 386-9683"
-87.32157,35.26795,"Zaxby's-Lawrenceburg,TN","2119 1/2 N Locust Ave, Lawrenceburg,TN 38464, (931) 244-6670"
-86.294702,36.192197,"Zaxby's-Lebanon,TN","638 S Cumberland Street, Lebanon,TN 37087, (615) 449-4566"
-84.266107,35.819289,"Zaxby's-Lenoir City,TN","855 Hwy 321 North, Lenoir City,TN 37771, (865) 986-9111"
-88.404498,35.655616,"Zaxby's-Lexington,TN","390 West Church Street, Lexington,TN 38351, (731) 651-4929"
-86.6980209,36.2581482,"Zaxby's-Madison,TN","2228 Gallatin Pike N, Madison,TN 37115, (615) 448-6817"
-86.059731,35.4604105,"Zaxby's-Manchester,TN","2131 Hillsboro Blvd, Manchester,TN 37355, (931) 954-5998"
-88.8730907,36.341944,"Zaxby's-Martin,TN","161 Commons Dr, Martin,TN 38237, (731) 261-1106"
-84.010588,35.717797,"Zaxby's-Maryville,TN","2335 Marketplace Drive, Maryville,TN 37801, (865) 379-0414"
-85.7773132,35.6913147,"Zaxby's-McMinnville,TN","511 N Chancery St, McMinnville,TN 37110, (931) 474-3939"
-89.9868927,35.1341362,"Zaxby's-Memphis,TN","2240 Union Ave, Memphis,TN 38104, (901) 417-7908"
-89.796162,35.045186,"Zaxby's-Memphis,TN","3821 Hacks Cross, Memphis,TN 38125, (901) 759-9211"
-89.8926141,35.3597359,"Zaxby's-Millington,TN","8537 Us Highway 51 N, Millington,TN 38053, (901) 872-0274"
-82.855433,36.172503,"Zaxby's-Morristown,TN","2148 West Andrew Johnson Highway, Morristown,TN 37814, (423) 587-6144"
-83.257482,36.214912,"Zaxby's-Morristown,TN","486 Crockett Trace Dr, Morristown,TN 37813, (423) 318-8858"
-86.514909,36.160244,"Zaxby's-Mount Juliet,TN","719 South Mount Juliet Rd, Mount Juliet,TN 37122, (615) 758-4995"
-86.4620924,35.8669103,"Zaxby's-Murfreesboro,TN","1221 Fortress Blvd, Murfreesboro,TN 37128, (615) 410-3515"
-86.395896,35.805098,"Zaxby's-Murfreesboro,TN","2678 South Church Street, Murfreesboro,TN 37127, (615) 895-5133"
-86.349947,35.83132,"Zaxby's-Murfreesboro,TN","2890 S Rutherford Blvd, Murfreesboro,TN 37130, (615) 867-7755"
-86.405966,35.846341,"Zaxby's-Murfreesboro,TN","905 Old Fort Pkwy, Murfreesboro,TN 37129, (615) 867-7773"
-86.80208,36.15781,"Zaxby's-Nashville,TN","1902 Charlotte Ave, Nashville,TN 37203, (615) 928-6467"
-86.6499405,36.0880547,"Zaxby's-Nashville,TN","2241 Murfreesboro Pike, Nashville,TN 37217, (615) 942-5762"
-86.71453,36.054069,"Zaxby's-Nashville,TN","5228 Nolensville Pike, Nashville,TN 37211, (615) 331-9995"
-86.951172,36.045944,"Zaxby's-Nashville,TN","8000 Hwy 100, Nashville,TN 37221, (615) 942-9326"
-84.244301,36.023037,"Zaxby's-Oak Ridge,TN","1007 Oak Ridge Turnpike, Oak Ridge,TN 37830, (865) 272-3204"
-85.072129,35.084259,"Zaxby's-Ooltewah,TN","8884 Old Lee Hwy, Ooltewah,TN 37363, (423) 648-6584"
-83.996008,36.050406,"Zaxby's-Powell,TN","607 East Emory Rd, Powell,TN 37849, (865) 938-9598"
-83.572844,35.881545,"Zaxby's-Sevierville,TN","698 Winfield Dunn Parkway, Sevierville,TN 37876, (865) 429-2360"
-83.777742,35.879875,"Zaxby's-Seymour,TN","10614 Chapman Hwy, Seymour,TN 37865, (865) 573-8300"
-86.4817352,35.4670067,"Zaxby's-Shelbyville,TN","101 Palmer Dr, Shelbyville,TN 37160, (931) 735-6541"
-86.564143,35.979064,"Zaxby's-Smyrna,TN","995 Industrial Blvd, Smyrna,TN 37167, (615) 355-6935"
-85.201109,35.236451,"Zaxby's-Soddy Daisy,TN","9347 Springfield Rd, Soddy Daisy,TN 37379, (423) 648-6491"
-86.8933542,35.7418618,"Zaxby's-Spring Hill,TN","4882 Port Royal Rd, Spring Hill,TN 37174, (931) 451-5575"
-86.881689,36.488606,"Zaxby's-Springfield,TN","3509 Tom Austin Highway, Springfield,TN 37172, (615) 384-9611"
-86.231457,35.38415,"Zaxby's-Tullahoma,TN","1900 N Jackson Street, Tullahoma,TN 37388, (931) 461-9640"
-89.082481,36.409023,"Zaxby's-Union City,TN","2005 W Reelfort Ave, Union City,TN 38261, (731) 885-5200"
-86.676883,36.469135,"Zaxby's-White House,TN","800 Highway 76, White House,TN 37188, (615) 334-1347"
-86.102501,35.221178,"Zaxby's-Winchester,TN","2909 Decherd Boulevard, Winchester,TN 37398, (931) 967-2527"
-97.823993,30.0840318,"Zaxby's-Buda,TX","381 Old San Antonio Rd, Buda,TX 78610, (512) 523-8394"
-97.784111,30.5356197,"Zaxby's-Cedar Park,TX","13521 Ronald Reagan Blvd, Cedar Park,TX 78613, (512) 528-9000"
-98.2392189,29.5729407,"Zaxby's-Cibolo,TX","176 W Borgfeld Rd, Cibolo,TX 78108, (210) 659-9388"
-96.2609638,30.5565733,"Zaxby's-College Station,TX","952 William D Fitch Pkwy, College Station,TX 77845, (979) 485-5565"
-95.738619,29.988808,"Zaxby's-Cypress,TX","28030 Highway 290, Cypress,TX 77433, (832) 653-5227  "
-95.6857064,29.9065983,"Zaxby's-Cypress,TX","8722 Barker Cypress Rd, Cypress,TX 77433, (281) 463-4141"
-95.727801,29.928745,"Zaxby's-Cypress,TX","9850 Fry Rd, Cypress Rd, Cypress,TX 77433, (281) 758-4088"
-95.594387,29.927216,"Zaxby's-Houston,TX","11550 Fm 1960 West Road, Houston,TX 77065, (281) 955-8865"
-97.238676,32.934324,"Zaxby's-Keller,TX","701 Keller Parkway, Keller,TX 76248, (817) 741-8810"
-97.798802,31.114259,"Zaxby's-Killeen,TX","2150 S Clear Creek Rd, Killeen,TX 76549, (254) 519-0715"
-97.114974,32.693036,"Zaxby's-Mansfield,TX","3181 Matlock Road, Mansfield,TX 76063, (682) 518-7360"
-98.1670862,29.7201708,"Zaxby's-New Braunfels,TX","1916 W State Highway 46, New Braunfels,TX 78132, (830) 358-1532"
-97.6057886,30.4492734,"Zaxby's-Pflugerville,TX","1301 Fm 685, Pflugerville,TX 78660, (512) 514-1646"
-96.722179,32.937323,"Zaxby's-Richardson,TX","526 Centennial Boulevard, Richardson,TX 75081, (972) 744-9634"
-97.613838,30.498281,"Zaxby's-Round Rock,TX","2700 Red Bud Lane, Round Rock,TX 78665, (512) 369-3370"
-97.9861171,29.827726,"Zaxby's-San Marcos,TX","4002 S Ih 35, San Marcos,TX 78666, (512) 805-6000"
-98.728261,29.485524,"Zaxby's-San Antonio,TX","11903 Alamo Ranch Pkwy, San Antonio,TX 78253, (210) 305-444"
-95.433593,30.064492,"Zaxby's-Spring,TX","20818 Interstate 45, Spring,TX 77373, (281) 907-6567"
-95.5196494,30.0800662,"Zaxby's-Spring,TX","21430 Kuykendahl Rd, Spring,TX 77379, (281) 323-4830"
-95.534421,30.015134,"Zaxby's-Spring,TX","8103 Louetta Road, Spring,TX 77379, (281) 257-2600"
-95.64359,29.58942,"Zaxby's-Sugar Land,TX","1918 Wescott Ave, Sugar Land,TX 77479, (281) 240-5555"
-97.365016,31.081444,"Zaxby's-Temple,TX","2002 S 31st St, Temple,TX 76504, (254) 207-0788"
-96.892229,33.076995,"Zaxby's-The Colony,TX","4842 Main Street, The Colony,TX 75056, (214) 469-1760"
-111.8140686,40.3770431,"Zaxby's-American Fork,UT","610 W Main St, American Fork,UT 84003, (385) 265-4380"
-113.0735213,37.680898,"Zaxby's-Cedar City,UT","778 W 200 N, Cedar City,UT 84721, (435) 586-9613"
-112.0645112,41.1395006,"Zaxby's-Clinton,UT","1781 N 2000 West, Clinton,UT 84015, (801) 776-2222"
-111.910309,40.6207526,"Zaxby's-Midvale,UT","7200 South 700 West, Midvale,UT 84047, (801) 666-5400"
-111.979809,41.2442315,"Zaxby's-Ogden,UT","141 West 12th St, Odgen,UT 84404, (801) 393-4742"
-111.697219,40.296844,"Zaxby's-Orem,UT","97 W Center St, Orem,UT 84057, (801) 224-1466"
-111.8306427,40.5368805,"Zaxby's-Sandy,UT","9400 South Highland Dr, Sandy,UT 84070, (801) 297-1704"
-111.9413502,40.653208,"Zaxby's-Taylorsville,UT","1814 W 5400 S, Taylorsville,UT 84118, (801) 966-1627"
-112.2977601,40.5529229,"Zaxby's-Tooele,UT","1064 N Main St, Tooele,UT 84074, (435) 843-7880"
-112.0234375,40.7111702,"Zaxby's-West Valley,UT","2683 South High Commons Way, West Valley,UT 84119, (801) 297-1704"
-80.4200292,37.2325755,"Zaxby's-Blacksburg,VA","204 Turner St Nw, Blacksburg,VA 24060, (540) 552-0070"
-82.14837,36.627946,"Zaxby's-Bristol,VA","201 Cabela Dr, Bristol,VA 24201, (276) 645-0061"
-77.4887345,38.9131971,"Zaxby's-Mechanicsville,VA","43820 Eastgate Shoppes Dr, Chantilly,VA 20152, (571) 349-3350  "
-78.49693,38.05453,"Zaxby's-Charlottesville,VA","1248 Emmet St N, Charlottesville,AL 36301, (434) 529-8220"
-76.227081,36.657497,"Zaxby's-Chesapeake,VA","125 Hillcrest Pkwy, Chesapeake,VA 23322, (757) 204-7390"
-76.4125299,36.8253471,"Zaxby's-Chesapeake ,VA","2316 Chesapeake Square Ring Rd, Chesapeake,VA 23321, (757) 648-8357"
-77.412269,37.355384,"Zaxby's-Chester,VA","2520 Hundred Rd, Chester,VA 23225, (804) 621-4416"
-79.4161722,36.6013022,"Zaxby's-Danville,VA","176 Holt Garrison Pkwy, Danville,VA 24840, (434) 791-2648"
-77.588648,37.682641,"Zaxby's-Glen Allen,VA","11350 Nuckols Rd, Glen Allen,VA 23059, (804) 562-2149"
-76.4017868,37.0400543,"Zaxby's-Hampton,VA","2201 Todds Lane, Hampton,VA 23666, (757) 915-6925"
-79.190834,37.344353,"Zaxby's-Lynchburg,VA","1038 Wards Ferry Rd, Lynchburg,VA 24502, (434) 237-2651"
-77.333522,37.612619,"Zaxby's-Mechanicsville,VA","6535 Mechanicsville Tpke, Mechanicsville,VA 23111, (804) 789-4778"
-77.627627,37.504019,"Zaxby's-Midlothian,VA","911 Walmart Way, Midlothian,VA 23113, (804-893-5816) "
-76.522728,37.1430435,"Zaxby's-Newport News,VA","12834 Jefferson Ave, Newport News,VA 23607, (757) 369-7046"
-76.498909,37.105698,"Zaxby's-Newport News,VA","531 Oyster Point Rd, Newport News,VA 23602, (757) 969-1110"
-77.35242,37.52181,"Zaxby's-Richmond,VA","4798 S Laburnum Ave, Richmond,VA 22903, (804) 728-1258"
-77.504631,37.591533,"Zaxby's-Richmond,VA","5816 W Broad St, Richmond,VA 23230, (804) 269-3392"
-77.52647,37.50039,"Zaxby's-Richmond,VA","7100 Tim Price Way, Richmond,VA 23225, (804) 674-1262"
-77.515157,37.639682,"Zaxby's-Richmond,VA","9110 Staples Mill Rd, Richmond,VA 23228, (804) 756-3707"
-76.422585,36.877947,"Zaxby's-Suffolk,VA","6120 College Dr, Suffolk,VA 23435, (757) 335-7111"
-78.1709,39.16686,"Zaxby's-Winchester,VA","1810 S Loudoun St, Winchester,VA 22601, (540) 450-5127"
